author,rating,title,review,updated,version,country
Yoioyoypapapapap,1,lah,"Dih apk ngelag bnget, udah Booking lewat apk jg masih sama aj nunggu lama, trus gunanya ni apk apa nah?",2025-05-05T08:12:57-07:00,2.0.6,id
Intan nurmalasari,5,Pelayanan servis,Saya pelanggan setia sanjaya motor karna servis memuaskan,2025-04-20T23:52:57-07:00,2.0.6,id
Hmmm0824,2,"Terlalu banyak Iklan, berguna tidak?","Terlalu banyak iklan jadi teralihkan dari tujuan utama saat buka aplikasi. Booking service lewat aplikasi, begitu datang ke bengkel sesuai waktu bahkan sebelum tetap saja antri manual. Jadi fungsi booking service untuk apa?",2025-04-17T21:08:16-07:00,2.0.6,id
nadyawrdnta,5,scoopy prestige,"sangat puas sm pelayanannya, selain cantik mbanya sopan, ramah sukses terus untuk mba berliana",2025-04-16T19:12:08-07:00,2.0.6,id
serahluuu dahh,1,BOKING ONLEN GAK GUNA,"Percuma boking onlen jauh hari, sampe bengkel tetep ikut antri biasa HAHAHAHA PEMBODOHAN",2025-04-09T20:10:06-07:00,2.0.6,id
dafayusuf,1,Tukar coucher,Untuk tukar voucher makan dan lain2 tolong bisa langsung tuker banyak kayak sebelumnya. Jangan seperti sekarang hanya bisa tuker voucher 1kali dalam seminggu,2025-04-09T05:49:02-07:00,2.0.6,id
ghost_iris,3,Jenis service,"Bagian jenis service bikin binggung tidak menjelaskan keterangan service apa yg di dilakukan hanya kode2 dan harga.
Mungkin bisa di tambahkan keterangan yg jelas update selanjutnya.",2025-04-07T21:12:25-07:00,2.0.6,id
gubthamp,5,ok,"aplikasi dan layanan ok, semua keluhan diselesaikan",2025-03-20T23:52:09-07:00,2.0.5,id
adivijar,1,paku bumi,wahhhhhh keren banget,2025-03-19T19:21:41-07:00,2.0.5,id
A Djw,3,Service Honda Booking App,"Service Honda Booking via App sangat menguntungkan, kita jadi prioritas, apalg sy dpt special gift🙏🙏",2025-03-07T14:40:13-07:00,2.0.4,id
Adhien Sr,5,Service motor,Mantab,2025-03-04T17:35:29-07:00,2.0.4,id
dewiswhyn,5,mantapp,mau servis jadi cepat tidak perlu antri lama,2025-02-28T18:40:27-07:00,2.0.4,id
Johnnytuyul,5,Nice,Bagus,2025-02-28T03:41:31-07:00,2.0.4,id
RahayuT,5,PROMO,"Promo di Motorku X sangat menari, bagus dan bermanfaat. Semoga kedepannya banyak promo-promo menarik dan bermanfaat untuk pengguna Motorku X",2025-02-26T21:45:28-07:00,2.0.4,id
iqbal rivaldi,5,Aplikasi keren,"Aplikasinya bagus bisa simpan track record kita service, jadi motor kesayangan tetap terawat dengan baik✨

Bisa pakai kode referalku biar dapet promo menarik lainnya: RADN3567",2025-02-26T20:31:42-07:00,2.0.4,id
Rosidul mohtaz,5,Butuh banget vouchernya,Aplikasinya sangat membantu dan mudah,2025-02-26T03:18:51-07:00,2.0.4,id
afiq noer,5,kode referal: AFI9Y791,"sangatt worth it, kalau mau service tinggal booking aja tidak perlu datang antri",2025-02-26T02:15:10-07:00,2.0.4,id
alfiaaaaaan,5,motorku x,aplikasi yang baek dan bermanfaat,2025-02-26T02:15:01-07:00,2.0.4,id
aja13781,5,mantap,mau service motor jadi lebih mudah dan cepat,2025-02-26T02:06:38-07:00,2.0.4,id
Muhamad Ardianto Hidayat,5,Pelayanan,"Pelayanan administrasi dan informasi pelayanan sangat bagus, tapi untuk daerah ambon tenaga kerjanya tolong yang lebih profesional. Saya punya pengalaman servis yang kurang baik",2025-02-26T02:06:32-07:00,2.0.4,id
Agus bayu PP,5,Penilain motorku X,Semakin mudan efisien dan simple,2025-02-22T04:41:47-07:00,2.0.4,id
m./32,5,MUHZA846,"Aplikasi nya mantep bgt sangat membantu🔥🔥
MUHZA846",2025-02-22T02:15:21-07:00,2.0.4,id
Shelagrashella,5,Review,Memudahkan pengguna baru untuk servis motor nya,2025-02-22T02:04:49-07:00,2.0.4,id
Aliando0207,5,SERVICE PERAWATAN,"Sebentar Lagi Mudik, Pastikan Motor dalam keadaan Aman sehingga mudik terasa nyaman, selalu service perawatan berkala di ahhas resmi. Gunakan Aplikasi motorku X untuk memudahkan mudiker antri tanpa ribet,
ubur-ubur Ikan leLe
Ini Kode refferalku Le

RB1VKGFM",2025-02-21T16:55:05-07:00,2.0.4,id
Callmenih,5,Sangat membantu untuk meperbaiki motor,"Sangat baik dalam pelayanan dan juga ramah, kita jadi lebih mudah dalam melakukan perbaikan motor",2025-02-20T18:50:29-07:00,2.0.4,id
shelya14,5,mudah & banyak fitur,"servis sekarang lebih mudah, cek harga motor terbaru honda juga mudah, app ada voucher promo lumayan hihi & banyak fitur menarik lainnya.

jangan lupa pake kode referral aku yaah 
SHEEE530",2025-02-19T09:19:31-07:00,2.0.4,id
ariepisss,5,Servis motor jadi mudah,Simpel dan efisien pakai aplikasi motorku x 👍🏻👍🏻👍🏻,2025-02-19T02:34:35-07:00,2.0.4,id
aanddni,5,astra,bagus,2025-02-19T02:24:49-07:00,2.0.4,id
FluidaGT,5,SOLUSI SERVICE NO RIBET RIBET,🔥,2025-02-19T02:22:12-07:00,2.0.4,id
14dLan,5,Solusi Praktis untuk Pengguna Motor Honda,"Motorku X adalah aplikasi yang dikembangkan oleh PT Astra International Tbk - Honda Sales Operation, dirancang khusus untuk memudahkan pemilik motor Honda dalam mengelola kebutuhan kendaraan mereka. Aplikasi ini menawarkan berbagai fitur yang mempermudah pengguna dalam perawatan dan informasi seputar motor Honda.",2025-02-19T02:16:32-07:00,2.0.4,id
Dhxl9,5,Fleksibel (ACHWW912),"Booking service jadi lebih simple dan fleksible dengan aplikasi Motorku X 👍🏻🫵🏻✨

Pake kode referal ku yaa!! 🙌🏻",2025-02-16T02:56:23-07:00,2.0.4,id
adymastra,5,good,mantap apk ini guyss🔥🔥🔥,2025-02-16T02:41:39-07:00,2.0.4,id
WAHXA509,5,Kode Referralku : WAHXA509,"You always deliver high-quality work. 
MotorkuX Aplikasi terbaik 🥰",2025-02-16T02:18:47-07:00,2.0.4,id
Silllsilll,5,Penangannan,"Senengg bgt dapet penangannan yang cepet, ramah ramah juga ❤️",2025-02-16T02:04:48-07:00,2.0.4,id
alfiadwin,5,memudahkan servis motor,"ga perlu ribet dan bingung kalo mau servis motor, karna lebih mudah pake aplikasi motorku x
simpel dan cepat jadi ga bingung lagi 
tinggal pilih hari dan jam aja udah bisa booking dari rumah buat servis
daftar juga pake kode refferal biar dapet banyak bonus
kode refferal: ALFGN799",2025-02-15T21:22:30-07:00,2.0.4,id
michylla,5,ERNB9323,"aplikasinya membantu bgt sangat amat bermanfaat, buat temen” yg baru dnload apk bisa pke kode referal itu yaaa biar lebih banyak keuntungan yg di dapet hehe 🫶🏻🫶🏻🫶🏻",2025-02-15T16:58:25-07:00,2.0.4,id
Tedipernandi,5,Motorku x,Mantap,2025-02-15T05:26:58-07:00,2.0.4,id
oridonfer,5,Usefull,"Sangat berguna, booking service dari rumah, sampai dealer tepat waktu sesuai dengan waktu yg dipilih dan kita akan dilayani segera. Good job dan pertahankan luuur",2025-02-15T04:25:21-07:00,2.0.4,id
nsdr28,5,Helpfull,Aplikasi is good,2025-02-13T20:56:37-07:00,2.0.3,id
Joharudin joe,5,MotorKu x,Semua jadi lebih mudah dan cepet dpt info menarik dari layanan service,2025-02-12T18:37:51-07:00,2.0.3,id
Raisamin,5,Review pengalaman seru dg aplikasi motorku x,MAMIB319 ( bismillah aplikasi motorku ini sangat membantu sekali karena selain memudahkan kita utk booking waktu service aplikasi ini jg menghemat waktu tanpa kita datang ketempat service atau bengkel untuk membuat jadwal service),2025-02-12T13:41:23-07:00,2.0.3,id
titania fitriani,5,Kode Refereal : TITQP914,Mantap,2025-02-12T01:12:13-07:00,2.0.3,id
RNH27,5,kode referral: L16NAYVN,aplikasi yang bisa mempermudah keperluan konsumen.,2025-02-11T20:41:03-07:00,2.0.3,id
donofuns,5,sangat membantu,cepat dan mudah,2025-02-11T18:40:51-07:00,2.0.3,id
ranioktavianti,5,Keren banget👍🏻,"Aplikasi yang keren dan kekinian banget, saya terbantu sekali dengan adanya aplikasi ini. Bisa booking servis dan praktis sekali. Terima kasih banyak hondaaaaa, selalu memberi yang terbaik",2025-02-11T17:45:22-07:00,2.0.3,id
RebellionSSSS,5,Disuruh Honda biar dapet 500rb,Disuruh Honda biar dapet 500rb WKWKWK,2025-02-11T03:44:48-07:00,2.0.3,id
ela.ananta,5,Service,"Untuk aplikasi sudah bagus, lebih ditingkatkan lagi untuk fitur2 dan update datanya, lebih dipermudah untuk penggunaan",2025-02-11T03:08:45-07:00,2.0.3,id
Gietha anggelina,5,Review,"Sangat membantu sih, bisa tau riwayat motor juga",2025-02-11T02:57:17-07:00,2.0.3,id
Arsyahdan,5,Tentang Apps,Jujur ini sangat membantu para pelanggan motor honda yang ingin booking service online secara mudah dan mempersingkat waktu tunggu.,2025-02-11T02:41:18-07:00,2.0.3,id
D10nd,5,MUDBA675 Aplikasinya,Sangat membantu,2025-02-11T02:10:48-07:00,2.0.3,id
igodarrian,5,Service keren,"Aplikasi ini sangat berguna untuk booking dengan antrian terdepan, keren honda",2025-02-11T02:05:41-07:00,2.0.3,id
Titosusanto,5,Mantap,Ok,2025-02-10T23:47:38-07:00,2.0.3,id
badut99,5,terbaik,"mantullss apk sangat berguna untuk kebutuhan service motor baru pcx roadsync saya
kode referral : ERITH554",2025-02-10T20:02:18-07:00,2.0.3,id
M Reza Desriansyah,5,Kode referal : MPU3V488,Bagus baik one heart one love untuk pakai kode referal di atas ya,2025-02-10T17:24:04-07:00,2.0.3,id
Lucius Marcel,5,LUCCQ155,"Aplikasi terbaik, servis motor sangat jauh lebih mudah dan praktis dengan booking sistem online.",2025-02-09T21:36:24-07:00,2.0.3,id
KakaPanji,5,Kode Referal: PANRQ692,"Kode Referal: PANRQ692

Aplikasinya memudahkan kita untuk booking jadwal servis sepeda motor Honda di AHASS",2025-02-09T01:06:30-07:00,2.0.3,id
Felix oscar,5,FELRK030,Perfect,2025-02-06T20:33:08-07:00,2.0.3,id
Rizal-KLB,5,Motor CBR 150r,"Ternyata motor honda selain motornya kuat, gak rewel, tahan air pula pas terjang banjir pun ndak mati.",2025-02-06T20:02:45-07:00,2.0.3,id
Verochoice,5,Savero,"Aplikasi ini sangat membantu banget untuk kita yg waktu nya sangat terbatas , karena bisa book service supaya kita tidak menunggu terlalu lama dibengkel saat service karna harus nunggu antrian . Tidak hanya itu , kita juga bisa lihat reverensi lain dari kendaraan” honda lainnya dan bisa mengecek harga” spareparts yang ingin kota ganti",2025-02-06T17:51:11-07:00,2.0.3,id
Aroel#1,4,Rekomended,"Aplikasi yang sederhana dan mudah dipahami, selain itu ketika sampai di dealer atau tempat service kita akan dilayani oleh para tukang service yang bukan hanya cekatan tetapi juga ramah",2025-02-06T17:35:52-07:00,2.0.3,id
Faygo<3,1,Gajelas,Orang udah booking untuk servis dirumah saat jam ingin diservis tiba tiba batal alasannya tidak kesnaa tepat waktu padahal kan servis rumah benerin aplikasi kalian sampah,2025-01-25T00:41:02-07:00,2.0.3,id
Ni Ryaningsih,5,Kode Referral : NIWHO422,"Pelayanan bagus, product sesuai dengan expectation. Hanya saja tolong lebih di check lagi untuk orderan onlike di Aplikasi Motorku X. Jika saya tidak telefon lgsung ke dealer untuk pemesanan online saya, mungkin sampai saat ini orderan saya masih belum di proses. Bagi kalian yg berminat untuk order online bisa gunakan kode referral dari saya. Terimakasih.",2025-01-13T02:17:12-07:00,2.0.2,id
Anima Bahnan,5,.,Pelayanan Astra Motor Terbaik,2025-01-08T16:57:59-07:00,2.0.2,id
yoyohins,1,Jelek,"Mau booking ataupun enggak ttp aja sama, ngantriiii😕asli, aplikasi tdk berguna menuh2in hape",2025-01-01T21:03:52-07:00,2.0.2,id
iAeterna,1,GA GUNA,Ga bs dpake buat booking servis.. minta konfirmasi yg jawab malah bot.. di pimpong ksana kmari.. buang waktu! Mending ga usa ada aplikasi drpd malah bikin ribet customer,2024-12-05T20:08:39-07:00,2.0.1,id
Ram5689864,1,NO MESIN G KE DETECT,APP ANEH NO MESIN G KEDETETC PDHL DI APP DAYA KEDETECT,2024-11-24T16:54:27-07:00,2.0.1,id
anonym kecewa,1,TIDAK BERGUNA BOOKING,"sudah booking tetap dilayani dengan sama seperti tidak booking, pihak service tidak menanyakan kode dan tidak ada opsi sudah masuk pit di aplikasi, bahkan lebih parah ketika motor sedang di service, ternyata di aplikasi mengindikasi bahwa jadwal sservis dibatalkan, mas sudah jelas tidak ada integrasi antara aplikasi dengan service center, aku suka dengan honda dan berharap dengan saya menulis kritik ini ada perubahan yang baik agar memudahkan pengguna dalam booking servis, terima kasih",2024-11-19T19:07:08-07:00,2.0.1,id
pramce,4,Riwayat service motor,"Kok setelah update, riwayat service motor hilang ya, padahal diperlukan soalnya jadi tahu kapan service terakhir dan apa saja yang diservice",2024-10-26T05:36:52-07:00,2.0.0,id
pRamudya_aNgga,1,Riwayat servis hilang,"Setelah di update riwayat servis jadi hilang semua, tolong di kembalikan riwayat servisnya.",2024-10-21T19:05:04-07:00,1.9.9,id
Kholish22,1,Ulasan komplain,"Udh mesen booking tapi gk kebaca di sistem SA, disuruh nunggu akhirnya harusnya dapet antrian B03, ini malahh dapet R, kan lama lgi buru’ ada urusan, tolong sistemnya di perbaiki lagi dong, jdi maaf saya kasih bintang 1",2024-10-04T18:12:44-07:00,1.9.8,id
Sallad#042,1,Terlalu ribet tidak kayak sibiru,Bukanya tambah sinple malah makin ribet nambahin motor make no mesin lawak bgt gahal terus ga ke detect lagi ribet njing,2024-09-27T00:13:03-07:00,1.9.8,id
Rafly S,4,Kode referral RAFBW558,Kode referral RAFBW558,2024-09-26T17:34:18-07:00,1.9.8,id
iDNov,1,Booking service,Tidak bisa buat booking service selalu data tidak tersedia,2024-09-26T04:42:40-07:00,1.9.8,id
Febrianinur,5,terbaik,"saya pelanggan setia sanjaya motor karena pelayanannya bagus,gerak cepat,telaten",2024-09-26T02:13:50-07:00,1.9.8,id
BL tifu tifu,5,Oke,Mantap,2024-09-18T01:14:39-07:00,1.9.7,id
Haambaaa Allah,1,Ga jelas,Percuma booking kalo masihh antrii,2024-09-15T18:20:05-07:00,1.9.7,id
ginaISgaby,5,“One Heart” HONDA ❤️👍🏼,"Dari awal pembelian motor sampai dengan service pertama kali, semua staff dan pelayanannya sangat baik dan ramah 😊👍🏼 Terima kasih banyak Team Astra Motor Honda (khususnya Cokroaminoto Denpasar, Bali) 😊🙏🏻",2024-09-13T19:28:34-07:00,1.9.7,id
Paijoo 007,1,booking service di perbaiki,"bingung guna nya ini aplikasi apa, udah booking service sampai di dealer ikut antrian lagi 3 jam",2024-08-26T01:02:32-07:00,1.9.7,id
nyonyo97,1,Aplikasi tidak berguna,"Booking online cuman prank. Datang 15 menit sebelum jam perjanjian di bengkel cokroaminoto Denpasar malah disuruh antri seperti customer biasa. Apa gunanya membuka booking service jauh-jauh hari kalau akhirnya harus nunggu antri 2 jam hanya untuk menunggu giliran diperiksa oleh supervisornya, aplikasi motroku X ga berguna sama sekali. Kualitas layanan makin menurun dari tahun ke tahun, sparepart kosong ga pernah ada. Petugasnya pun tidak solutif, cuman menyuruh antri. Padahal sudah ada konfirmasi melalui email jam booking dan nomor kendaraan. SANGAT TIDAK DIREKOMENDASIKAN SERVIS MOTOR bengkel cokroaminoto Denpasar. Pdahal ongkos juga ga murah.

The worst place to book motorbike service. It's useless to book and come early but the system has an error and doesn't get priority treatment. The booking system is just a prank...",2024-08-08T08:53:32-07:00,1.9.6,id
nur zazin,1,Nomor rangka tidak ditemukan,"saya tidak tahu harus melaporkan masalah error ini kemana karena tidak ada menu chat atau laporan di aplikasi ini.
Jadi ceritanya begini, kurang lebih seminggu yang lalu saya ke bengkel resmi Honda di sekitar Jakarta Selatan, saya disuruh melakukan registrasi di aplikasi dulu kata customer servicenya di bengkel itu.
setelah saya registrasi semua sudah lengkap tinggal 1 masalah yaitu nomor mesin salah. Saya sudah coba berkali-kali tetap salah.
Intinya karena aplikasi sialan ini saya tidak bisa service motor di bengkel resmi Honda.",2024-08-01T22:12:24-07:00,1.9.6,id
Nazzhqhdvbdkwb,1,Kurang protect,"Aplikasi sampah, sering eror, trouble, memperlama proses service di ahass, gak bisa detect kpb yg digunakan ketika service tdk urut. Hati hati untuk cust, ada beberapa ahass yg kupon servicenya masih ada di buku padahal sudah diinput tanpa persetujuan",2024-07-26T07:51:12-07:00,1.9.6,id
Fatoni01,1,Apk buruk,Error terus. Gak bisa booking,2024-07-21T18:38:32-07:00,1.9.6,id
abdul rakan,5,baik.,pesanan tepat waktu. unit sesuai dengan pesanan.,2024-07-10T07:21:34-07:00,1.9.6,id
jshahuajq,2,Aplikasi,"service ke ahas yg kedua dan harus pake aplikasi ini, aplikasi trouble sangat membuang waktu 
lebih baik kalo mau service nda usah pake aplikasi aja 
aplikasi ini juga sangat lemot 
harap diperbaiki",2024-07-08T20:56:05-07:00,1.9.6,id
itswann,5,Kode Referral: IKHWI060,"Aplikasi yang berguna untuk melihat kondisi motor kita. Gunakan kode referral IKHWI060 saat meng-install aplikasi, ya! 🙌",2024-07-03T17:16:52-07:00,1.9.6,id
bagus kim,1,apk rusak,"gapernah buka apk ini, tiba2 ada tranfer motor ke nama lain tanpa pengetahuan, gajelas banget ni apk, chat cs ga ada respon, ini masuk pemalsuan data ga si? orng ga ada transfer motor tiba2 nama motor di apk atas nama orang lain, kan aneh",2024-06-30T23:25:08-07:00,1.9.6,id
Jumeriya,3,Ga jelas,Gmna sih?pdhl baru instal lngsung daftr kok lngsung terbaca email sudh terdaftr?,2024-06-30T10:25:03-07:00,1.9.6,id
ed.henry,5,Fitur,Aplikasi yg bagus dan bermanfaat,2024-06-21T23:22:48-07:00,1.9.5,id
Haqqi Akbar,1,Komplain Pelayanan Pembelian,Saya pesan oli kok lama banget direspon salesnya. Kalau selama ini mending beli langsung aja kebengkel ga sih? Trus gunanya bisa beli di app tuh apa?,2024-06-15T20:48:51-07:00,1.9.5,id
Atuyyyyyyyyyyyyy,1,Gak reliable,ini lokasi ahassnya gabisa loading. Aneh,2024-06-14T22:24:08-07:00,1.9.5,id
pakbek,1,.,Baru sempat service di 1160km tidak bisa dapat service pertama malah di pindahkan di service kedua. Padahal selisihnya sedikit. Sistem apa ini,2024-06-02T21:29:42-07:00,1.9.4,id
"rif,an",5,Puas,Mantap,2024-05-30T22:52:52-07:00,1.9.4,id
Dimas Ardana,5,🥵kiwkiw,🥰kiwkiw,2024-05-30T21:14:46-07:00,1.9.4,id
Lale Nadia,5,Kode refferal LALAR110,"Sangat memudahkan untuk service dan jika ingin melakukan pembelian motor juga bisa di aplikasinya, bisa cek motor yg dipesan proses nya udh sampe mana. Ada games dan voucher jugaaa🥰",2024-05-30T00:57:16-07:00,1.9.4,id
Septisinurat,5,Easy to use,Penggunaan aplikasi yang memudahkan dalam melakukan booking service dan tracking harga. Aplikasi yang dibuat sangat baik sehingga tidak ada kendala dalam pengunaannya,2024-05-30T00:20:30-07:00,1.9.4,id
Karli Yuliyanto,5,Honda Mantap,Sangat memudahkan dalam urusan perawatan motor dalam sentuhan jadi,2024-05-29T08:55:36-07:00,1.9.4,id
Jumie Ners,5,Honda satu hati😘,"Aplikasi yg sangat membantu, Honda memang selalu terdepan, Terbaik, gak prnh pindah ke lain hati, Tetep satu hati HONDA🫶",2024-05-29T01:36:35-07:00,1.9.4,id
aariiuueeoo,5,Good berungsi dengan baik,"tidak ada yang kurang, semoga lancar jaya apk nya",2024-05-28T23:07:56-07:00,1.9.4,id
23gbi,5,Pakai kode referral ini ya GEBVE221,"Sangat berguna sekali ada aplikasi ini, jadinya ga perlu repot untuk antri lama 👍🏻",2024-05-28T14:07:56-07:00,1.9.4,id
Ongky pranadhita,5,KOMDD445,"Ini adalah aplikasi yang sangat membantu menurut saya

Saya sangat terbantu dengan fitur “temukan” karena membantu saya utk bisa mengakses lokasi dimana motor saya berada

Jika boleh usul, saya ingin kedepan nya ada fitur “shut down” sehingga kita pemilik motor bisa mematikan mesin kapan saja bilamana motor kita dicuri 

Terimakasih inovasi nya MOTORKU X",2024-05-27T18:25:27-07:00,1.9.4,id
Bellanadira,5,Top markotop,"Mau service motor lebih mudah? Gunakan aplikasi motorku, ga pake ribet antri2🙌",2024-05-27T15:40:22-07:00,1.9.4,id
Ryluluhono,1,ANTI ANTRE?,"Ahas 0694 masih antri boss, percuma booking lewat aplikasi, tetep antri",2024-05-26T23:26:30-07:00,1.9.4,id
Rio Bonito 1234678,1,Butuh Perbaikan,"Aplikasi lemot, mau daftar booking Service aja mesti diulang-ulang. Sudah dibantu mas penjaga bengkel membuat jadwal booking, ternyata mbuat jadwalnya gak sesuai buku servis. Notifikasi pengerjaan servis juga aneh, diservis hari ini, notifikasi “sedang dikerjakan” keluar sehari kemudian.",2024-05-26T06:29:28-07:00,1.9.4,id
Yocgimach23,5,Josss pelayannanya,Emang astra gaadaobat joss,2024-05-24T21:21:37-07:00,1.9.4,id
Nolla Lateral,5,Kode Referral : NOL0P544,"Install dan pakai kode referral di atas teman-teman. Semenjak pakai aplikasi Motorku X bisa mempermudah booking servis, bisa kredit motor dengan beragam voucher yang di tawarkan, bisa test ride, tukar tambah hingga ada games nya yang bisa nambah poin. Yang paling aku suka di aplikasi ini adalah banyak diskon/voucher yang ditawarkan jadi lebih irit deh🤗",2024-05-24T00:23:33-07:00,1.9.4,id
Jobil16,5,Very good Application for Honda Owners,"Praktis, efisien, informasi yang diperlukan selalu ada. Keren Honda.",2024-05-22T00:24:47-07:00,1.9.4,id
RyoKeynzo,5,Bagus,"Asik nih aplikasi, benar2 membantu mengingatkan saya untuk jadwal servis rutin dan info2 terbaru dari honda. Aplagi ada menu tukar tambah, pengen nyoba untuk tukar tambah motor beat lama ke baru..",2024-05-21T20:47:45-07:00,1.9.4,id
Chaszie,1,Nyusahin,Nyusahin,2024-05-20T18:54:42-07:00,1.9.4,id
Ccxxgdggdd,5,Bintang motor,Bintang motor joss,2024-05-17T20:27:10-07:00,1.9.3,id
Ever71,5,User Friendly,"Aplikasi ramah pengguna, mudah digunakan, informasi sangat detail, ada bonus poin, komplit, bisa booking service, info progres service, berapa biaya servis dan spare part, keren👍",2024-05-17T19:00:15-07:00,1.9.3,id
if.abdillah,5,Bagus,Membantu saat booking service,2024-05-16T03:21:19-07:00,1.9.3,id
Ceritahandson,5,Honda is the best,Enak aplikasinya untuk service rutin tidak perlu antri di semua dealer terdekat ❤️❤️,2024-05-15T23:29:41-07:00,1.9.3,id
mhas77,5,Aplikasi yang sangat memudahkan,Satu aplikasi dengan berbagai kemudahan,2024-05-15T22:45:44-07:00,1.9.3,id
ptrchrwonu,5,MANTEB,Lebih enak klo mau servis 😭😭,2024-05-15T22:28:34-07:00,1.9.3,id
graceaad,5,Bagus bgt Appsnya!,bantu orang rumah terutama mama untuk pesen servis motor dari luar kota.. sngt2 membantu bgt.. admin jg oke bgt arahinnyaa!,2024-05-15T02:09:36-07:00,1.9.3,id
sinaga88,5,Bagus,"Luar Biasa
Aplikasi sangat Bagus",2024-05-15T00:08:58-07:00,1.9.3,id
icanduttcandutt,5,aa,sangat membantu,2024-05-14T04:10:30-07:00,1.9.3,id
Bobbypr94,5,Aplikasi motor terbaik,Sukses selalu honda selalu dihati,2024-05-13T07:48:06-07:00,1.9.3,id
ALWI WIDODO MT,5,ALW0H523,ALW0H523,2024-05-13T06:36:30-07:00,1.9.3,id
lovelyasa,5,REVIEWWWW ZUZURRR,"pertama kalinya pake aplikasii inii super duperr membantu banget 
1. mau service bisa booking dulu (hemat waktu) 
2. banyak bangett voucheerrr sampe voucher makanan/minumanpun banyakk😭😭
3. toolsnya banyak bgt bahkan ada games jugaa (bisa dimainin sambil nunggu service) 
4. bisa beli motorr cuma darii aplikasi doangg???? woyy kerennn siii
5. kalo ragu ni aplikasi nyediain test drive juga coyyy!! pilih motor - atur schedule - test drive. so easy pizii
6. kita bisa baca deskripsi sama spesifikasi motornya juga bisa dari aplikasiiii doanggg no ribet ribet pindah ke browser
7. tukar tambah motor juga bisaaa brodiii
8. ada komunitas motor dari seluruh Indonesia jugaa ihh bisa banyak relasii darii luar kota. keren!!

ni aplikasi emang cocok bgt buat aku yg suka lupa jadwal service/ ganti oli, suka promo, hemattt dehhh. everyone must tryyy!!!",2024-05-13T00:41:15-07:00,1.9.3,id
Andeust,5,Sangat membantu,memperoleh informasi lengkap di genggaman tangan. daftar service di permudah dg benefit tambahan,2024-05-12T08:01:45-07:00,1.9.3,id
Novianti Srp,5,Review,Dengan adanya aplikasi ini service jadi lebih mudah dan lebih menyenangkan. Fitur2 nya komplit dan banyak hadiahnyaa. Urusan motor sekarang lebih mudah. Terimakasih aps motorku X 😍😍,2024-05-12T07:10:07-07:00,1.9.3,id
bhangoen4us,5,Keren,"Tinggal download apps, gak pake ngantri pas service, gratis pula, gak ada iuran bulanan, uang spp, uang buku, dll … wkwkwk",2024-05-12T04:17:45-07:00,1.9.3,id
_ysr,5,honda scoopy,masyaAllah Tabarokallah bagus sekali fitur yg ada di motorku🫰🏻🙏🏻,2024-05-12T04:05:17-07:00,1.9.3,id
Nengsi Agustianti,5,Keren,Bagus,2024-05-12T04:05:11-07:00,1.9.3,id
devi ay,5,apk,apk nya bagus cukup membantu si,2024-05-12T04:04:28-07:00,1.9.3,id
SahlaDeovanka,5,Paling keren,Banyk bonusnya,2024-05-12T01:27:20-07:00,1.9.3,id
zeaaskara,5,Mantap,Mudah dan cepat,2024-05-12T00:39:59-07:00,1.9.3,id
Deverenz,5,Kode referral : SUTDA111,Aplikasinya gampang digunakan dan bagus,2024-05-11T19:50:43-07:00,1.9.3,id
rizaypiere,5,Best App,Best for you to find out anything aboyt service fir you motor😍😍😍,2024-05-11T18:34:08-07:00,1.9.3,id
Yudhautama,5,Prioritas servis,"Puji tuhan, sangat berguna khususnya untuk para pekerja yang jamnya terbatas Atau yang sedang padat kegiatan, bisa booking service.
Pembayaran juga sudah tersedia, bahkan motor milik pribadi dapat dimasukkan datanya di aplikasi.
Gokill dahh

Jangan lupa pakai kode referal yaa waktu mendaftar
Boleh dipakai kalau memang membutuhkan : LAU8N523
Terima kasihh 🥳🥳",2024-05-11T04:36:19-07:00,1.9.3,id
Wati20020,5,Service dengan mudah,Pelayanan nya bagus  dan ramah,2024-05-10T21:30:39-07:00,1.9.3,id
abang herdi,5,Aplikasi Motorku X,"Bagus banget, mempermudah dan sangat sat set sat set jadi gampang deh satu aplikasi segudang informasi",2024-05-10T20:24:16-07:00,1.9.3,id
Yunita makmur,5,mantap,semuanya jauh lebih mudah,2024-05-10T17:46:49-07:00,1.9.3,id
Doel boy,1,Bad approval process,Very bad  and complicated App for  transfer process for new owner to get Honda motor service maintenance. Please make it simple and get the money from customers.,2024-05-10T15:14:13-07:00,1.9.3,id
Hermans0017,5,MotorkuX,"Aplikasi sangat membantu untuk segala urusan motor honda, dari katalog, harga, dan booking servis dan berbagai info tentang motor honda. Jadi gk perlu takut lupa merawat motor kendaraan karena di dalam aplikasi semua sudah tersedia. Good job honda 👍🏻👍🏻👍🏻
Ayo buruan download aplikasi motorkux jangn lupa pakai referal HERAU121",2024-05-10T11:26:06-07:00,1.9.3,id
Awlazhr,5,Sangat baik,"Aplikasi yang tidak diragukan, membuat konsumen merasa puas. Terbaik",2024-05-10T08:50:41-07:00,1.9.3,id
masterdaudm,1,Apk TIDAK LAYAK,"Udah lemot banget, kebanyakan iklan, keseringan error. Kalau belum siap launching jangan dipaksakan deh",2024-05-09T19:11:30-07:00,1.9.3,id
hasbiahnan,5,Responsif,Aplikasi lebih responsif dan mudah digunakan,2024-05-09T18:09:24-07:00,1.9.3,id
ridoskan,5,jajaja,bagus jajanajajanj,2024-05-09T07:42:21-07:00,1.9.3,id
ishaya hayati,5,Aplikasi motorku top,Memudahkan utk booking service dll. Keren.. top!!,2024-05-08T07:04:32-07:00,1.9.3,id
Mas Aag,5,aplikasi mantab,waaaaa dapet kode referrall gratis servis plus oli mantabb,2024-05-08T00:13:46-07:00,1.9.3,id
Narendra Fauzi,5,Kode Referal : RENFY298,Sangat memudahkan proses pelayanan di era digital 👍🏻,2024-05-07T20:58:16-07:00,1.9.3,id
Rayprkst,5,Review,Nice 👍,2024-05-07T05:28:29-07:00,1.9.3,id
Alifsyou,5,BERMANFAAT,Sangat bermanfaat banget buat yang mager antri bisa antri pake aplikasi,2024-05-07T03:55:10-07:00,1.9.3,id
taaa99,5,Review,"service jadi lebih mudah kalo pake aplikasi 💗🫶🏻 

jangan lupa pakai kode referralku yaa TITIP541 makasihh 😊",2024-05-07T02:48:40-07:00,1.9.3,id
gmssssssssssss,5,Revieww mantap,"sangat mempermudah dan reminder yg baik buat aku yg selalu lupa kapan waktu service.. dapet service gratis pulaa😍
SRIFE225🤲🏻🤲🏻🤲🏻",2024-05-06T23:00:56-07:00,1.9.3,id
Rachelptrw,5,Good service,"Pelayanannya baik, pakai aplikasi mempermudah booking",2024-05-06T00:53:48-07:00,1.9.3,id
ibennng,5,Josssssss ✨✨✨,Pokoknya Honda terbaik dahhh,2024-05-05T22:01:07-07:00,1.9.3,id
bushidoinherreee,5,wiw,🛵💕🧡❤️‍🔥❤️💜🤍🤍,2024-05-05T18:51:09-07:00,1.9.3,id
Hafifah fitriani,5,Recomended bgt,"Keren banget, info harga sangt membantu sebelum
Melakukan servis. Bookingan gampang, tidak membuat antri panjang sangat oke",2024-05-05T06:20:05-07:00,1.9.3,id
a.anggraini,5,sangat puas make app motorku x,dengan adanya app motorku x jdi lebih praktis untuk booking saat mau servis ataupun liat harga terbaru motor dan sparepart nya💕💕,2024-05-05T01:02:53-07:00,1.9.3,id
Agus Indranata,5,Aplikasi Bagus,Nice 👍🏻,2024-05-04T17:54:02-07:00,1.9.3,id
nafis bunayya,5,Bintang 10,"Sangat terbantu dengan aplikasi motorkux. bisa booking service, liat harga2 motor dan aksesoris seluruh indonesia, liat sperpat, dll. Terimakasih 🙏🏼",2024-05-03T08:08:17-07:00,1.9.2,id
abrar kanopi dewantara,5,KODE REFERRAL : ABRFN283,apk nya sangat membantu banget👏🏻,2024-05-02T21:03:55-07:00,1.9.2,id
Hnftrr,5,good job 👍🏻,"pelayanan cepat dan baik, bisa book online dan lebih praktis, app juga membantu banget untuk track kapan waktu service yg tepat.",2024-05-02T20:38:23-07:00,1.9.2,id
1123aaui,5,Kode referal : FIFCN322,Baru pertama kali download dan blm di gunakan. Semoga kedepan nya bisa membantu,2024-05-02T19:51:42-07:00,1.9.2,id
Anantari,5,KODE REFERAL ALFSG140,"Aplikasi nya top bgt selain bisa buat penukaran kupon servis gratis, bisa juga booking servis melalui aplikasi motorku x, suka ada info"" mengenai sparepart, harga motor , bisa beli sparepart juga lho ternyata disini. Dan yang ga kalah asik nya ada game nya jugaa ada poinnya pula yang hisa ditukar. Cuma kadang aplikasinya suka eror dan lemot dikit hehe over all apk sangat membantu sekali 😍🙏🏻",2024-05-02T19:06:46-07:00,1.9.2,id
Karunia O F,5,Ochaa,Adanya app ini sangat membantu sekali. Udah bisa booking jam dan pengingat kapan harus service kendaraan.,2024-05-02T18:44:06-07:00,1.9.2,id
Oky saldi,5,👍🏻,👍🏻👍🏻,2024-05-02T09:06:24-07:00,1.9.2,id
Risqi04,2,Antrian tidak sesuai,Saya ada service di Astra Motor Kuta. Dan antrian saya di selak dengan yang lain. Di tangani satu montir dan ditinggal buat kerjain motor lain. Dan ternyata motor lain selesai lebih dulu daripada saya. Saya menunggu hampir 2 jam. Makasih,2024-05-01T19:55:30-07:00,1.9.2,id
MrsAyuunisa,5,Motorku X,Sangat membantu. Terimakasih Motorku X,2024-04-20T01:23:16-07:00,1.9.2,id
Plstr23,5,🥰🥰😘,🥰🥰🥰,2024-04-19T22:48:14-07:00,1.9.2,id
Tolle88,5,Untuk kesayagan si putih,"Aplilasi keren, bisa membantu untuk perawatan si kesayangan si putih yg berotot☺️☺️",2024-04-19T22:20:17-07:00,1.9.2,id
Tyeyore,5,Banyak promonya guys❤️❤️❤️,Kode ref: MUHZE654,2024-04-19T22:08:56-07:00,1.9.2,id
Adinnnnnnnnnnda,5,GOOD APLIKASI YANG MEMUDAHKAN,"kode : 0TS9QFHH 

aplikasi yang memudahkan pengguna honda, bisa booking dulu sebelum service, dan kadang ada bagi-bagi voucher gratis, smoga aplikasi lebih ditingkatkan menjadi lebih baik lagi",2024-04-19T22:07:59-07:00,1.9.2,id
fahasnaid,5,Crash,"Setelah update April 2024, iOS 12.5.7 tidak bisa menjalankan Aplikasi, Not loaded crash app",2024-04-19T20:26:01-07:00,1.9.2,id
Sushi_Ramen,5,Service terpercya,Ga pernah dapet pelayanan buruk dari mekanik atau staff ahas selalu di kasih pelayanan terbaik walau cuma sekedar benerin lampu mati :),2024-04-19T19:52:43-07:00,1.9.2,id
sabrinanad,5,👍🏻,Mempermudah servis dan ganti oli,2024-04-19T04:01:13-07:00,1.9.2,id
ozy1996,2,Jelek nbanget ga akurat,Udah booking pas proses simpan lama amat. Akhirnya gagal. Payahhhh,2024-04-19T00:55:51-07:00,1.9.2,id
mohamad yusuf,5,Service Astra Motor BSD,Pelayanan dan aplikasinya sangat membantu dan mudah di gunakan. Sangat-sangat membantu. Terimakasih motor ku ❤️,2024-04-18T21:58:11-07:00,1.9.2,id
Boy123yth,5,Keren,Keren mantabbbb,2024-04-18T21:06:46-07:00,1.9.2,id
Parimalang,5,MotorkuX,PRANX761 💗💗,2024-04-18T08:06:39-07:00,1.9.2,id
M Prad,5,Aplikasi yg cukup memudahkan,"Akses yg mudah untuk booking waktu untuk servis, pembelian sparepart dan sebagai track record servis. Ada beberapa promo yg dapat dimanfaatkan dri penggunaan aplikasi akumulasi dari poin. Perlu improve dibagian servis darurat.

Jangan lupa gunakan kode referral MUHIY024 untuk mendaftar pada aplikasi MotorkuX",2024-04-17T18:21:00-07:00,1.9.2,id
Teguhzpy,5,Bagussss,Bagusss,2024-04-17T08:19:47-07:00,1.9.2,id
putik tea,5,kode referral : PUT2D353,bagus sekali aplikasinyaa kita jd bisa tau lebih detail tentang motor kita trus fitur fiturnya jg oke mantaap🤩,2024-04-17T04:14:48-07:00,1.9.2,id
alibia rahman,5,Makasih motorku x semoga lebih baik kedepannya cek kode referalmu di motorku x (ADRRQ647),ADRRQ647,2024-04-17T03:43:11-07:00,1.9.2,id
hasby7,5,Y,Kode referal: RIOJW583 semoga rezeki,2024-04-17T03:05:57-07:00,1.9.2,id
al islami moreira,5,Yoo mamen,Semoga makin baik lgi kedepannya,2024-04-16T22:18:51-07:00,1.9.2,id
Nicca PA,5,Review Pengalaman Seru menggunakan Aplikasi MotorkuX,"Di Astra Honda Jombor pelayanan bagus. lalu untuk booking juga cepat dan selalu dapet jam yg pasti karena sudah booking dulu. untuk service juga baik setiap ada kendala selalu dicek dan ditanyakan kalau haru ganti ganti spare part. mantap 👍🏻

Kode Referralku : NICMF848",2024-04-16T18:18:59-07:00,1.9.2,id
Soeryarizky,5,Good,Good,2024-04-14T18:55:44-07:00,1.9.2,id
Smt9877,5,Good app!,Making transaction more easier,2024-04-12T18:54:26-07:00,1.9.2,id
Lyanto,5,Good Apps,"Aplikasi yang membantu. Mudah digunakan dan helpful banget. Terutama fitur untuk booking servicenya, jadi ga perlu antri lama-lama saat dateng.

Referal kode: LYAZG068",2024-04-08T11:19:07-07:00,1.9.2,id
Mari bahagia,5,Lebih cepat,Aplikasi yg sangat membantu lebih cepat pelayannanny,2024-04-07T18:48:54-07:00,1.9.2,id
Monkeywily,5,Mempermudah konsumen,Konsumen dapat memesan service secara online melalui aplikasi. Sangat mudah dan responsif. One Heart 👍🏼,2024-04-06T19:34:48-07:00,1.9.2,id
Candra Dewi Sugradana,1,Apk tai,Mau booking service di hari yang sama/besoknya ga bisa klik tgl. Telpon ke bengkel nya gak diangkat,2024-04-06T18:07:56-07:00,1.9.2,id
Senja Diaksara Bintang,5,✨,"ALF8W467
Pakai kode aku ya guyss",2024-04-05T11:20:28-07:00,1.9.1,id
a murti,5,Rating,Bagus bgt kita bisa boking service tanpa antri di app ini.,2024-04-05T05:05:24-07:00,1.9.1,id
6KW5PGWQ,5,6KW5PGWQ,Aplikasinya sangat membantu,2024-04-04T19:59:26-07:00,1.9.1,id
Demmanov,5,Done,Done lah top pokonya,2024-04-04T19:19:45-07:00,1.9.1,id
rinamuw,5,Motorku X the best!! ✨,"Aplikasi motorku X dari honda memang terbaik. Aplikasi ini sangat memudahkan customer untuk mencari informasi terbaru, terlengkap seputar motor honda. Saya sudah pakai aplikasi ini dari tahun 2015 dan terbukti aplikasinya masih sangat bagus, dan banyak promo menarik. Semoga aplikasi ini terus berkembang, menjadi lebih baik lagi. Jangan lupa banyakin promonya ya min 😂😂  Sukses terus motorku X dan honda! Terimakasih 🙏🏻🙏🏻✨",2024-04-04T17:12:48-07:00,1.9.1,id
xxdeta,5,2QUHGPKL,"Aplikasi MotorQ keren sekalau, bisa booking bisa main games bisa lihat prono seru dari Honda. Yuk download sekarang dan pakai kode refferal ku ya 2QUHGPKL bisa dapat voucher juga nanti ✨",2024-04-04T16:52:14-07:00,1.9.1,id
gatotardian,5,My Experience,User Interface Keren,2024-04-03T11:17:36-07:00,1.9.1,id
hanyjlshs,5,Good,Good and Supportive,2024-04-02T19:56:07-07:00,1.9.1,id
kholielma,5,booking servis,Sangat membantu untuk booking servis di AHASS,2024-03-16T07:21:06-07:00,1.9.0,id
rayfarandy12,2,Ga bisa book,knp yg keluar cuman ahass dewi sartika. g bisa book tempat laen.,2024-02-20T19:16:22-07:00,1.8.9,id
Eko wardani,5,Nicr App,"Sangat sangat mempermudah dengan adanya aplikasi ini, we love honda",2024-02-14T23:03:03-07:00,1.8.9,id
Surya kadek,5,Service,Selalu memotivasi dan melakukan yang terbaik,2024-02-13T22:26:11-07:00,1.8.9,id
AdeNuari,5,Servis bulanan mudah dan terjadwal,"Aplikasi sangat membantu ketika mau servis bulanan jd gampang dan terjadwal
Yuk masukin kode referral ADE3G248",2024-02-12T07:56:58-07:00,1.8.9,id
Bapake Lana,5,Nice Dealer,"Pelayanan ok, aplikasi ok pelacakan ok",2024-02-11T03:20:35-07:00,1.8.9,id
mei eko purnomo,5,topp,oke mantap,2024-02-10T19:26:43-07:00,1.8.9,id
marshanda adrevia putri,5,Sangat amat bagus bintang lima,Toppp,2024-02-08T19:22:05-07:00,1.8.9,id
To My88,5,Toppp abissss,Lebih ringkas bisa booking service dari rumah,2024-02-08T00:51:07-07:00,1.8.9,id
rinidesi,4,KODE REFERRAL : RINKJ906,Mempermudah booking services dan bisa cek history services jg karena biasanya suka lupa kapan terakhir services dll,2024-02-07T21:04:36-07:00,1.8.9,id
Nungki Ardhiah,5,The best,NUN0D962,2024-02-06T22:19:09-07:00,1.8.9,id
Lita Bule,5,Servis cepat dan sangat memuaskan,"Cepet bettttt, staf sangat membantu, ramah, proses servis cepat, mantap lahh pokoknya 👍🏻👍🏻👍🏻👍🏻🥰🥰🥰",2024-02-06T22:15:06-07:00,1.8.9,id
ezrds,5,motorkux,semoga bisa lebih lengkap lagi,2024-02-06T02:18:22-07:00,1.8.9,id
dyanjiwandani,5,Kode Referral : ARDPL341,Terimakasih untuk yg buat aplikasi ini karena terbantu sekali sih sat set kalo mau servis terus yg paling terbantu ada pengingat perpanjang Stnk yg hampir lupa bayar 😅 untung di ingetin kalo gak udah kena denda 🫰🏻🫰🏻,2024-02-06T02:18:17-07:00,1.8.9,id
putri suryaningtyas,5,Servise motor,Terimaaksihh hondaa sudah mempercayai kita motor menjadi bagus .,2024-02-05T04:47:04-07:00,1.8.9,id
Benediktus Kurniawan,5,Service,Nyaman dan ga ribet,2024-02-02T22:50:02-07:00,1.8.9,id
Mahesaard,5,Booking service,Semakin mudah dengan 1 aplikasi ini,2024-02-02T18:03:58-07:00,1.8.9,id
fhandhy,5,Vario 160 2024,"Kode referall : FHA1W984
Mantap aplikasi astra motor sudab terkoneksi dengan bengkel dan sperpart motor honda",2024-02-02T04:09:22-07:00,1.8.9,id
Ega tofani,5,Good job dan sukses selalu Honda,"Dari jaman ortu sampe saya punya anak selalu jatuh hati dengan Honda motor
Apa lagi sekarang customer dipermudah dg adanya app MotorkuX jadi lebih gampang untuk segalanya",2024-02-02T01:46:47-07:00,1.8.9,id
Sebut saja tejo,5,Kode Referral : WID4R606,Mantab aplikasinya tapi bengkel yang terdaftar kurang lengkap,2024-02-01T23:13:09-07:00,1.8.9,id
Hameez22,4,Booking servis jadi gampang,ok,2024-02-01T20:26:12-07:00,1.8.9,id
briannurshidatama,5,Good apps,Fitur yang canggih pembaruan teratur menunjukkan komitmen pengembang untuk memberikan layanan berkualitas. Gunakan Kode Referal MOHQW811 untuk mendapatkan poin,2024-02-01T01:51:59-07:00,1.8.9,id
Priyambodo_P,5,Aplikasi yang sanggat membantu untuk service berkala,"Aplikasi yang sanggat membantu untuk service berkala , tdk berlama lama antri giliran service",2024-01-31T00:19:30-07:00,1.8.9,id
VidiEx,5,Memudahkan,"Dengan aplikasi ini, memudahkan pada saat booking service, sehingga tidak membuat lama saat antre 👍🏼",2024-01-30T15:39:56-07:00,1.8.9,id
Easy cash goblok,5,Sangat membantu,"Mudah digunakan , pokok nya mempermudah untuk daftar servis jadi gak antri2 . Mantap pokoknya",2024-01-29T17:50:54-07:00,1.8.9,id
dicky fahlefi,5,Mr,"MatorkuX sangat membantu proses service rutin untuk motor saya, sangat mudah jika ingin registrasi booking service. staff di bengkel ramah dan memberi solusi terbaik",2024-01-29T07:19:32-07:00,1.8.9,id
L.Widya,5,Salam satu hati 💝,Aplikasi yang sangat membantu dan memuaskan 👏🏻,2024-01-29T05:34:58-07:00,1.8.9,id
Aditya syah putra,5,Riview servis,"Mantap, pelayanan ramah bagus dan senang",2024-01-28T18:59:19-07:00,1.8.9,id
Kadek rina laheri,5,Pelayanan terbaik,Top honda,2024-01-28T18:47:49-07:00,1.8.9,id
cculun,5,Bagus,Mantap,2024-01-28T00:19:02-07:00,1.8.9,id
Dony Kukuh,5,Nice Apps,Untuk yang baru download bisa pake Kode Refferal DONGY288.,2024-01-19T22:22:26-07:00,1.8.9,id
Akniar Tawulo,5,Salam Dari Niar,"Salam satu hati motorku x aplikasi termudah untuk sya booking service & pembelian Motor, memudahkan pemesanan sesuau tipe yg sya inginkan 😍😍",2024-01-14T23:41:08-07:00,1.8.9,id
Wisbay,5,WISKI750,Booking service lebih gampang dan lebih cepet... josssss....,2024-01-12T01:08:28-07:00,1.8.9,id
arief vindya s,5,Gampang & simpel,"Pakai aplikasi Motorku X gampang & simpel, user interfacenya juga informatif ngga ribet.
Mau booking servis lebih mudah. 👍👍",2024-01-11T19:34:13-07:00,1.8.9,id
Nandarrvaysh,5,KODE REFERRAL : MUHXS914,Memudahkan untuk service. Mantap,2024-01-10T17:02:17-07:00,1.8.9,id
aldilahap,5,Berguna dan Praktis,"Senang sekali deh ada aplikasi motorku X ini, fitur2nya sangat praktis dan berguna bisa book service di bengkel resmi jadi gak perlu nunggu antrian lama, selain itu jga bisa mendata riwayat aktivitas servis motor kita. kadang kan lupa ya kapan terakhir servis dll nya dan yg seru bisa liat update promo2nya dan bisa pake voucher, lumayan loh. keep up the good work ya! kode referral ku (ALD5S262)",2024-01-08T18:30:48-07:00,1.8.9,id
meysilla,5,Sanjaya purwokerto,pelayanan bagus👍🏻👍🏻,2024-01-05T21:44:36-07:00,1.8.9,id
dputratama,5,Great !,"Baru Install, semoga menunjang perawatan motor kesayangan",2024-01-03T21:09:36-07:00,1.8.9,id
I Made Sudarmayasa,4,Review,"Lokasi bengkel gambar logo honda ngeblink. 
Kemudian seharus memakai aplikasi lebih simpel dan praktis. Namun prakteknga tetep juga dimintai data data . Padahal sudah lewat aplikasi data sudah lengkap dan ada scan barcode.",2024-01-03T17:08:32-07:00,1.8.9,id
HIKU8195,5,Recomended,Banyakk promonya… apalagi kalo pake kode referal HIKU8195. Silahkan dicoba 😍,2024-01-03T06:02:02-07:00,1.8.9,id
Ayispl,5,Mantapp,"Mantapp banget , memudahkan kalau mau servis bisa daftar online",2023-12-25T05:52:34-07:00,1.8.8,id
yuniraratnasari,4,Crash pada pilih lokaai bemgkel,"Lokasi bengkel yang isi lambang honda ngebling. Jadi mestinreatart hp
Dulu. Kemungkinan ada bugs mengingat saya ada update ios",2023-12-24T17:33:49-07:00,1.8.8,id
jsjjsksjsbjsjsk,5,Kode referral : BLNUSMYA,"Aplikasi ny mantap.. service bagus dan keren lah pokoknya … saya tinggal di depok aj bela belain datang AHM yang di dewi sartika, jakarta timur karena sudah asik service di sana",2023-12-15T03:43:22-07:00,1.8.8,id
pouehsbrhr,5,Honda Keren,Smoga smakin inovatif dlm pelayanan n semakin baik dalam servisnya,2023-12-14T07:46:01-07:00,1.8.8,id
A R D I,5,Good job,Terus di update aplikasinya agar bisa lebih berguna lagi dan memberi manfaat yang besar ke konsumen,2023-12-14T00:00:41-07:00,1.8.8,id
Vio Ronauli,5,Sangat Membantu,"Kode Referralku VIOPS966

Sangat Mempermudah reservasi dari rumah ada banyak pilihan Dealer ahhas terdekat. Tinggal datang dan tunjukan bukti booking nya tidak perlu antri lagi👍🏻",2023-12-13T10:06:15-07:00,1.8.8,id
aty ekka,5,Beat is the best,Semenjak pakai motor beat streat terbaru mantap jalanny sperty naik motor sport😁,2023-12-13T02:29:24-07:00,1.8.8,id
putrifff,5,beli motor honda,pelayanan cepat salesnya ramah,2023-12-13T02:03:11-07:00,1.8.8,id
Pricillia Mega Pertiwi,5,Keren,Mantap bisa dipakai dimana aj,2023-12-13T00:48:22-07:00,1.8.8,id
Ia_HaqeeM,5,Masih terus dikembangkan,"Mash perlu perbaikan karena sedikit aga lag untuk pindah pindah tab nya
Masih perlu perhatian dibidang kerjasama dengan merchant di tiap tiap kota biar menarik pengguna untuk lebih sering menggunakan aplikasi ini

Penasaran !!! Jangan lupa pake kode referal ini untuk meninstal aplikasi
 IMAMQ504",2023-12-12T03:57:49-07:00,1.8.8,id
@pmanfarrell,5,Permudah,Makin mantap nich Astra app nya bikin cepat dan ngak ribet,2023-12-11T23:20:54-07:00,1.8.8,id
suarajerapah,3,Search bengkel,"Tolong bantuannya di tambahkan fitur search bengkel sekitar. Atau setelah ketik lokasi bengkel, bisa di search langsung walau tidak muncul pop up nya",2023-12-11T18:26:32-07:00,1.8.8,id
APR1303,5,MOTORKU X,"Aplikasi ini ngebantu bgt, di jaman digital gini, kalian ga perlu antri, bahkan kalian ga perlu inget inget kapan harus service! 
Karena di aplikasi ini semua nya ada , notif pengingat yg bener2 memudahkan usernya.
Trs kalian ga perlu nerka2 yg terdekat dimana
Karna tinggal cek aja diaplikasi ini
Keren deh pkkoknya
BEST! aplikasi berguna bgt",2023-12-11T17:25:55-07:00,1.8.8,id
Anggi Exsar Pmp,5,Pelayanan Super Luar Biasa,"Gak pernah bosan dengan pelayanan Honda yang semakin berkembang, dan dimanjakan dengan segala kemudahannya. SANGAT DIREKOMENDASIKAN bagi kalian pengguna kendaraan bermotor….",2023-12-11T17:24:04-07:00,1.8.8,id
Hasan Mawawai,5,Motor X keren & Sangat Membantu Kami para pengguna Motor Honda Sukses & Lancar Selalu buat HONDA,Semoga Makin Jaya,2023-12-11T16:25:15-07:00,1.8.8,id
majduehenx,5,Rate,pokoknya bagus lah,2023-12-11T16:09:02-07:00,1.8.8,id
Uya Itu Muda,5,One for All,"Aplikasi yang complete. Perdana booking service dan emang cepat dilayani. Mantap topcer.👍
Selalu pakai aplikasi ini saat mau booking service. Ga perlu antri lama. Cuma datang sesuai jam yang dipilih.",2023-12-11T16:03:43-07:00,1.8.8,id
62881082213778,5,Good,"Luarbiasa, memudahkan kita untuk memonitoring next servis",2023-12-11T02:27:20-07:00,1.8.8,id
"Kasmadi, Kasmadi",5,One heart selalu di hati,"Saya pemakai ADV 160 2022, unit sangat memuaskan untuk harian Demak-BSB (40 KM) pulang pergi. Di support dengan after sales yg ada dimana mana, serta dilengkapi dg aplikasi MotorkuX semakin menambah kemudahan konsumen berinteraksi dengan Bengkel resmi.

Selalu di hati, semangat pagi.",2023-12-10T18:30:42-07:00,1.8.8,id
zerocoffee,5,Dope,Keren,2023-12-10T13:48:00-07:00,1.8.8,id
nigranigz,5,good apps,aplikasi terbaik dan terlengkap utk pemilik motor honda… mantappppp,2023-12-07T19:10:53-07:00,1.8.8,id
hajsjdvvs sksks,5,BOGWR874,BOGWR874,2023-12-07T04:46:51-07:00,1.8.8,id
Muchlisre,1,Booking kacau,"Udah booking service, pas di lokasi malah tidak ada. Histori booking jg nggak ada. Malah jadii reguler. Hadeeeh, harusnya nge gampangin malah jadi lama",2023-12-06T17:55:13-07:00,1.8.8,id
Aji Pujiawan,5,Sangat membantu pakai aplikasi ini,Sangat membantu adanya aplikasi ini,2023-12-05T08:49:45-07:00,1.8.8,id
dianalawiyah,5,Kode referralku: HARYR411,"Aplikasi motorkuX paling memudahkan kalau mau servis, bisa datang tanpa antri. Buat saya yang sering lupa kapan terakhir ganti oli, aplikasi ini sangat membantu, bisa cek riwayat servis💕",2023-12-04T04:00:41-07:00,1.8.8,id
Giaaabbb,5,Mantulllllllllityyy,"Mantap, jadi lebih mudah buat boking service",2023-12-02T21:23:16-07:00,1.8.8,id
Dwi Supartama,5,Kode Referal : IKAMZ349,"Aplikasi ini sangat membantu mengenai service motor honda 👍🏻

Buat yang baru download aplikasi dan baru buat akun pake kode referal ini ya
IKAMZ349",2023-12-01T23:06:01-07:00,1.8.8,id
Rudi Agustiansyah,5,Excellent,"Tampilan aplikasi sangat friendly, mudah dalam reservasi, pembelian secara online lebih mudah dan banyak promo/diskon. Greetfully!!!",2023-12-01T07:41:12-07:00,1.8.8,id
phd omdo,5,Sangat membantu,Kemudahan dan dilayani sesuai aplikasi.,2023-11-30T23:27:39-07:00,1.8.8,id
tia sanjaya,5,Astra terbaik,Aplikasi mudah dan gampang. Sangat mempermudah utk menikmati proses service motor. Jd gak perlu ribet lagi deh klo idah sama astra motor👍👍👍juara,2023-11-30T12:36:57-07:00,1.8.8,id
dlpng,5,Mantab,"Bookung jadi lebih mudah. Tanpa khawatir antri panjang kalo dtg ke ahass. 
Banyak fiturnya, bisa pake ahaspay lg👍🏼👍🏼",2023-11-14T23:20:08-07:00,1.8.7,id
@mayangsari_22,5,MAY1E614,"Aplikasi Motorku X benar benar benar sangat membantu untuk service motor berkala aku, sangat sangat recomended, yuk pakai kode referal aku “ MAY1E614 “",2023-11-14T00:35:49-07:00,1.8.6,id
Adityasulo,5,Praktis dan tidak perlu mengantri tinggal klik,Kode referal 5FC5UQAY,2023-11-11T02:57:04-07:00,1.8.6,id
Papahe shanum,2,Jawa Timur,"Jatim ga bisa booking servis, tolong segera di update. Kota surabaya & kab gresik",2023-11-09T22:58:28-07:00,1.8.6,id
Nawaripi,5,Service dan parts,Apk motorkux sangat membantu terutama dalam booking service dan pengecekan parts dan aparel,2023-11-08T19:52:54-07:00,1.8.6,id
No’e,5,Aplikasi keren,Aplikasi yg sangat bermanfaat bagi pengguna motor Honda👍🏻,2023-11-08T18:47:59-07:00,1.8.6,id
Dewi Kartika Sari,5,Motorkux sangat bermanfaat,Aplikasi sangat bagus,2023-11-08T17:37:59-07:00,1.8.6,id
ayo.wibowo,5,kode referral ADEYB777,"sejak tahu pake motorkuX servis motor lebih mudah, banyak diskon service nya.. untuk urusan rawat motor jgn lupa donwload motorku x",2023-11-06T21:24:29-07:00,1.8.6,id
sariyula,5,Kode referral YULPU799,"Aplikasinya sangat membantu banget..bisa booking service, test drive, tuker tambah n cek2 spare part ori n aksesoris. Keren sich",2023-11-04T20:01:30-07:00,1.8.6,id
Erwin vicky samosir,5,Aplikasi honda,Aplikasi yang sangat bermanfaat,2023-11-03T03:40:56-07:00,1.8.6,id
anamifta,5,Oke banget!,"Booking servis jd lebih mudah dan nyaman, tinggal datang aja tanpa harus antri lama. Good job! 🫶🏻",2023-11-03T01:18:12-07:00,1.8.6,id
febry ulfanissa,5,ONE HEART,"apps sangat membantu dan update promo setiap hari, semoga semakin jaya dalam peningkatan pelayanan baik service maupun dealer. tambah lagi promo atau paket service nya ya min🫰🏻salam satu hati 😊",2023-10-30T23:48:45-07:00,1.8.6,id
diditpgst,5,Good but,"Untuk UI/UX okay banget
tapi performance nya sepertinya masih agak berat

kemudian dibagian pencarian sparepart harusnya ketika masukin jenis dan type motor, langsung ada list of partsnya, I mean tidak harus memasukan data terlalu detail",2023-10-30T19:58:24-07:00,1.8.6,id
@ira12,3,Motor x,Sangat membantu,2023-10-29T16:22:49-07:00,1.8.6,id
mimio17,5,Terbaik,Sangat terbaiik,2023-10-29T07:36:07-07:00,1.8.6,id
Ast setyawan,5,AGUMT075,"User interface baik, perlu d pastikan bugs saat tambah kendaraan di web base",2023-10-28T19:04:44-07:00,1.8.6,id
j mumu,5,Ok,Mantap,2023-10-28T03:13:46-07:00,1.8.6,id
Liansya,5,Memuaskann,Ga rugi order by apliaksi motorku memang secepat dan pelayanannya sebagus itu🤩,2023-10-28T02:22:17-07:00,1.8.6,id
Omaghfira,4,Omaghfira,kode referral : DLR590,2023-10-27T19:14:53-07:00,1.8.6,id
Chikaaprilia8,5,Review,Aplikasinya sangat membantu pemilik motor,2023-10-27T04:23:58-07:00,1.8.6,id
suriadi atut,5,Kode referal : SURNQ397,"Motorku x mantap, sukses selalu ..,, The best 👍👍👍👍",2023-10-26T11:40:28-07:00,1.8.6,id
Mstofa,5,Adv,Honda selalu jd motor andalanku,2023-10-26T10:08:34-07:00,1.8.6,id
Freetofall,5,ADZOV178,This apps is so helpful. We can online booking for monthly maintenance. Even get all of our vehicle information.,2023-10-26T08:49:02-07:00,1.8.6,id
Amalia Apriyani,5,KODE REFERAL XUN7IRPQ,mantap🫶🏻,2023-10-25T18:27:29-07:00,1.8.6,id
Oka_hardiyanto,5,OKA81401 ini kode refealku,"setelah ada aplikasi ini semua kebutuhan service dan accesoris lengkap dan part ori semua,saya merasa puas dengan pelayanan setelah boking di aplikasi ini,jempol👍👍👍👍",2023-10-25T12:18:49-07:00,1.8.6,id
Blangkeng,5,Bagus,ANAMG068,2023-10-25T12:16:02-07:00,1.8.6,id
Sony F,5,Syarat ambil BPKB dan STNK,jd mau ga mau harus download,2023-10-25T09:55:08-07:00,1.8.6,id
anggiramsdhan,5,ANGOG214,ANGOG214 klik kode referralku bro,2023-10-25T04:13:45-07:00,1.8.6,id
sicantiknufa,5,NURIF153,"Jangan lupa masukkan Kode Refferal NURIF153 aku yah jika baru instal aplikasi dan daftar online. Ke unggulan daftar online di aplikasi motorku x ini sangat memudahkan kalian untuk melakukan service motor loh, jadi gak perlu antri lagi kalau mau service motor 👍🏻",2023-10-25T03:43:30-07:00,1.8.6,id
rufina marsheila,5,kode referal RUFKZ821,keren sangat bermanfaat dan benefits yg sangat menguntungkan😍,2023-10-25T03:30:48-07:00,1.8.6,id
Ahmad Dhoifullah,5,Daftar dan Pakai kode : AHMYK188,"Aplikasi Motorku X sangat mudah digunakan. Pengguna dapat dengan cepat memesan layanan service motor khususnya Honda.
Motorku X memiliki cakupan wilayah yang luas, terutama di kota-kota besar. Namun, ketersediaan mungkin bervariasi tergantung pada lokasi Anda.
Pengguna sering dapat memanfaatkan promosi dan diskon yang ditawarkan oleh Motorku X ini.

Silahkan coba booking service pakai aplikasi dapatkan potongan dengan menggunakan kode dari saya : AHMYK188",2023-10-25T03:25:52-07:00,1.8.6,id
sadewaarsa,5,Ok,Good,2023-10-25T03:18:57-07:00,1.8.6,id
Jeyin's,4,Kode referall ENJ8A953,Dengan adanya aplikasi Motorku x mempermudah dalam proses administrasi dan menambah informasi seputar motor 👍,2023-10-25T03:14:39-07:00,1.8.6,id
muh jabal,5,Kode referal: MUHLV759,Pokoknya motorku X paling the best,2023-10-25T03:12:47-07:00,1.8.6,id
Pcx putih,5,Tanpa antri,Mantapp tanpa antri service,2023-10-21T21:28:27-07:00,1.8.6,id
rian2204,1,Komplain tidak selesai,Udah sering komplain voucher promo tidak selesai dan lama proses,2023-10-09T21:07:02-07:00,1.8.6,id
Yeolnakh,1,Gagal Ga bisa tukar vocer dana,Poin udah banyak tp Ga bisa ditukar vocer dompet eletronik maupun pulsa udah berkali2 dari pagi sampe sore di coba terus ttep aja Ga bisa. Apk nya lemot bikin emosi.,2023-09-28T04:33:06-07:00,1.8.6,id
ilfisy,1,Aplikasinya setelah di update lemot,Aplikasinya setelah di update lemot,2023-09-25T19:30:55-07:00,1.8.6,id
Rfn002,4,Motor Idaman bagi Semua,"Kode Referral: APMCTMWU

Bagi Anda yang baru membuat akun/belum memiliki akun Motorku X, mohon masukkan kode referral di atas ya! Gratis dan nikmati pengalaman anda bersama kami! Terima kasih!",2023-08-16T23:26:50-07:00,1.8.5,id
Madasho,5,Service pertama menggunakan Motorku X,"Instruksi bimbingan di aplikasi sangat mudah di pahami, proses booking via aplikasi ini sangat efisien dan menghemat waktu. Proses prosedur saat di bengkel juga sangat mudah dan cepat. Makin cinta sama Astra Honda. Salam satu hati, ONE HEART ❤️",2023-08-16T02:41:04-07:00,1.8.5,id
fikhanapil,5,motorkux,mantap 🙏🙏🙏,2023-08-13T19:01:22-07:00,1.8.5,id
fhani270992,5,Honda memang terbaik,"Ditambah pake aplikasi ini, jadi ga perlu ngantri. Sisa booking sesuai jam.",2023-08-05T20:48:43-07:00,1.8.5,id
Hzzel,5,Mantap,Terbaik,2023-08-05T19:15:23-07:00,1.8.5,id
thikadestiani,5,Bikin cewek lebih peduli sm motor,"Nggak ada lagi alesan cewek gak bs ngurus motor. Servis tinggal booking via aplikasi, mudah, cepat, simpel. Banyak voucher promo pluss bisa main game seru yg ada hadiahnya. So happy! Sangat memudahkan perawatan. Hati senang, motor aman. Trmksh yaa.. referalku THICX290",2023-08-04T07:37:12-07:00,1.8.5,id
arya dwi kristiawan,5,ryan astra honda kedungsari,terima kasih astra..terima kasih mas ryan motor sudah datang,2023-08-02T17:16:28-07:00,1.8.5,id
Leni antika,5,Motor hebat ku,"Service rutin membuat kondisi motr q sellu nyaman dbawakemanapun aku pergi dan bekerja Welove honda

Jangan lupa download aplikasi MOTORKu X dan gunakan kode referal ini LEBR9979, 
agar kamu bisa nikmatin promo menariknya",2023-07-30T23:00:25-07:00,1.8.3,id
epo_sohi,5,Service mantap,Memang paling mantap service di astra,2023-07-26T00:45:47-07:00,1.8.3,id
Widiadimel,5,Kode referal MEL7D735,Aplikasi yg update dan bikin gampang buat reservasi gk perlu ribet,2023-07-25T16:56:46-07:00,1.8.3,id
vikafridenza,5,Motorku x,"Bener bener mempermudah kaum Mager antri servis Ini aplikasi boking lewat Motorku x Langsung datang servis Aja ga perle antri.
Buat kalian yang pengen dapet penawaran potongan harga Dari astra motor bisa pake kode Dari aku (OVI8Z670)🫶🏻",2023-07-23T00:01:10-07:00,1.8.3,id
ANWUL ZR,5,Bintang 5,Honda semakin didepan dan pelayanannya ramah,2023-07-22T22:24:39-07:00,1.8.3,id
Syarif Hidayatulloh,5,"Motorku X mudah, praktis, dan seru","Haloo semua, teruntuk admin motorku x dan pihak honda. Saya sudah follow ig @astramotor. Kode referal saya SYAEW111

Ulasan saya ke aplikasi ini sangattt sering saya gunakan setiap kali servis dan ganti oli motor vario 160 saya. Voucher diskonnya jugaa mantap, servis sebelumnya saya pakai voucher diskon 20 rb. Ini tadi dapat voucher diskon 53 rb asikk mantap betul

Nomor satu aplikasi servis di Indonesia

Selalu tingkatkan ya, mantapppp

KODE REFERAL : SYAEW111",2023-07-21T03:35:50-07:00,1.8.3,id
gpradestyo,5,download !!,"memudahkan dalam proses service motor  booking terlebih dahulu sebelum melakukan service , banyak promo untuk para pelanggan !",2023-07-20T04:20:36-07:00,1.8.3,id
DWI HESTI,5,Apikasi sangat membatu dan banyak fitur menarik,"memudahkan untuk booking servis, ada vocher menenarik, game dll",2023-07-19T19:55:10-07:00,1.8.3,id
Azka novrianto,5,Astra,Mempermudah untuk booking service motor,2023-07-18T22:23:34-07:00,1.8.3,id
RIEEP802,5,kode Referal RIEEP802,"pakai aplikasi mototku x biar lebih mudah beli dan booking service motor honda anda🥰tdk perlu repot dan antri dengan aplikasi ini lebih mudah loh ayo buktikan sekarang,download aplikasinya dan gunakan kode referal RIEEP802 dapatkan berbagai kemudahan dan point untuk di tukarkan⭐️🙏",2023-07-17T00:04:31-07:00,1.8.3,id
Fif30,5,Top,Sangat memuaskan,2023-07-06T23:26:19-07:00,1.8.1,id
mendembaygon,1,Lemot,Lemot banget. Ga guna cuma ngoyo duit goceng mau booking pake emosi,2023-06-30T19:03:34-07:00,1.8.1,id
ulrich8,2,👎🏻,Booking services utk yg wilayah sumatera utara belum ada,2023-06-15T20:01:25-07:00,1.8.1,id
bumidatar99,5,voucher,tukar voucher ke pulsa / shope pay/ gopay selalu gagal terus,2023-06-15T04:39:56-07:00,1.8.1,id
M.Maulana malik ibrahim,5,Motor,Pelayanan sangat bagus mbanya baik hati,2023-06-14T00:18:25-07:00,1.8.1,id
wagenvolks,1,Aplikasi lambat,Aplikasi terlalu lelet untuk dibuka,2023-06-05T22:57:21-07:00,1.8.1,id
indira rini,5,Servis,"Ruang tunggu nyaman, tidak menunggu lama, servis memuaskan",2023-05-26T18:41:14-07:00,1.8.1,id
Lord_echodiko,1,Aplikasi tidak berfungsi,"Apakah aplikasi ini masih digunakan?
Krn saya mau booking service saja tidak bisa. Berhenti/tdk bs lanjut setelah memilih tgl booking lalu tidak bisa pilih jam booking. Dan tidak bs lanjut proses bookingnya. Tolong dong dicek aplikasinya. Ini sudah bagus knp diabaikan??",2023-05-17T15:07:37-07:00,1.8.1,id
Kina onak,5,Honda selalu jaya,"Terima kasih atas infonya dari Red First Food Court yotefa jembatan merah Jayapura atas informasinya untuk masuk aplikasi motorku x
Semoga Honda selalu menjadi pilihan rakyat",2023-04-01T05:01:32-07:00,1.8.0,id
audiojet,2,Data Tak Tersedia,"Rilisan terakhir ini, opsi servis tak ada padahal diperlukan untuk booking service.",2023-03-30T19:49:44-07:00,1.8.0,id
dyasa28,1,Error Token,Kena error token mulu pas cek spk,2023-03-30T14:54:40-07:00,1.8.0,id
royaniida,5,Kode Refferal,Yang baru daftar bisa pake kode refferal IDAU6314 nanti dapat poin bisa ditukar dengan voucher,2023-03-19T01:17:56-07:00,1.8.0,id
putra farol,1,Aplikasi ga guna,"udah booking di aplikasi, pas udh sampe sana tepat waktu, ternyata tetep aja nunggu wkwk
booking di aplikasi gaada bedanya ckck auto uninstall",2023-03-15T18:31:24-07:00,1.8.0,id
Excacdx,1,Daftar susah,"Susah amat mau daftar padahal ud beli cash

Bener2 susah kek hidup gw
Wkkwwkjw",2023-03-11T18:08:36-07:00,1.7.9,id
Azzzzxxxx,1,Gak bisa booking,Coba booking order di astra bsd semua jam abu”,2023-03-08T17:59:37-07:00,1.7.9,id
luckyrich10,1,SPK Error Mulu,"Check SPK motor gagal mulu, gak ke tracking orderan udah sampe mana. Sales susah di kontak, bikin khawatir kena tipu",2023-02-28T07:17:48-07:00,1.7.9,id
putri arum dini,5,Aplikasi,Apk yg bermanfaat,2023-02-28T04:12:22-07:00,1.7.9,id
mhdpndra,3,DIBUILD LAGI TOLONG APKNYA,"Banyak banget minusnya, mulai aplikasi sering error keluar otomatis, loading lama, scroll gaberfungsi dengan benar sama voucher yang tidak berguna. Buat apa nawarin voucher kalau ga kepake di invoice.",2023-02-19T19:58:05-07:00,1.7.8,id
FOODY!!,1,Verify,Tolong dong krm kode verify nya jgn cm lewat wa. Mana diawal minta isi no hp gk ditulis yg harus ada wa nya. Begitu udah mnt krm kode cm bs lewat wa. Udah gitu mau buat dr awal masukin no hp yg ada wa gk bs lagi daftar di peragkat yg sama. Hadeh.,2023-02-12T20:59:33-07:00,1.7.8,id
rianamasita,5,Best,"Keren banget dah bisa booking online jadi ga nunggu lama
Tapi tolong untuk booking yang jam 12 bisa di off-kan aja karena jam istirahat, kasian orang yang booking jam 12 harus nunggu 1 jam lagi 🙏🏻🙏🏻🙏🏻
Moga makin baik kedepannya",2023-01-27T20:49:06-07:00,1.7.8,id
halahhamam,1,Percuma Booking,"Ketika mau booking service, Titik lokasi Ahass nya tidak muncul, entah bug atau apa. Di search manual juga tidak muncul. Sudah coba reinstall app nya ttep gk berhasil. Tolong dibenahi",2023-01-16T06:47:42-07:00,1.7.8,id
gskensuslaos,1,.,kenapa aku baru daftar kok akun pemilik motor nama orang lain yah?,2023-01-11T08:34:43-07:00,1.7.8,id
Loui 67,5,Kode referral terbaru buat anda FAIYL568,Masukkan kode referral terbaru ini untuk menikmati berbagai voucher lainnya: FAIYL568,2023-01-07T22:13:03-07:00,1.7.8,id
munsnisaa,1,Bad App,Lalod banget aplikasinya padahal koneksi jaringan saya stabil. Tolong diperbaiki lagi,2022-12-25T19:55:58-07:00,1.7.8,id
Ichiyo-phera-15,5,Good service,"Cepat, mudah, dan user friendly appnya",2022-12-14T03:08:01-07:00,1.7.7,id
eddy elks,5,Motorku x,"Aplikasi yg sangat membantu buat melihat lokasi bengkel resmi,liat spare part dan mempermudah servis berkala",2022-12-12T17:07:51-07:00,1.7.7,id
goespuetra,5,Service,Mempermudah untuk jadwal service,2022-12-09T20:18:24-07:00,1.7.7,id
fahmiardi,5,good apk,sgt memudahkn utk pgguna motor honda dlm. hal perawatan khusnya,2022-12-09T18:39:10-07:00,1.7.7,id
syafrudun,5,MotorkuX Review,"Adanya aplikasi MotorkuX sangat bermanfaat ketika kita lagi sibuk dan tidak ada waktu luang untuk service jadi kita akan di prioritaskan ketika kita mau service menggunakan aplikasi ini.
MUH6X451",2022-12-09T08:18:24-07:00,1.7.7,id
yandeputra,5,YANQ8994,"Sejak mengenal aplikasi ini, pengalam servis jadi lebih baik, dan tidak perlu antri lama. Saya sekeluarga sangat merekomendasikan aplikasi ini. YANQ8994 gunakan kode referal saya ini untuk pendaftaran yang lebih cepat",2022-12-06T19:10:46-07:00,1.7.7,id
ringo antadirja,5,Bagus,Sangat memudahkan👌🏻,2022-12-06T18:30:39-07:00,1.7.7,id
Keymitha,5,Mantap,Salam 1 hati. Menyenangkan yah untuk aplikasi ini mempermudah. Yang paling nyaman tidak perlu menunggu untuk antri servis cukup online saja melalui aplikasi..,2022-12-06T17:48:06-07:00,1.7.7,id
aachmadtb.nng,5,Riview,"Bagus sih, lebih praktis",2022-12-06T02:43:42-07:00,1.7.7,id
hlngby,5,Kerenn🤩,"Terima kasih MotorKu X karena memudahkan dalam proses pelayanan, sangat menghemat waktu dan tenaga. Cocok banget buat yg lagi sibuk tapi harus tetap merawat motor secara berkala. Aplikasi yang sangat mudah digunakan oleh seluruh kalangan jadi ga ketinggalan info deh seputara Honda✨💛

Jangan lupa download app ini pake kode referal GABGY030 yaa!!",2022-12-06T00:57:14-07:00,1.7.7,id
Ichlas Tw,5,Kode Referal : ICHB1703,"Sangat membantu dalm booking service, call urgent Honda care, namun bisa dioptimalkan kembali untuk hari libur dealernya di ketahui sat booking, kadang booking di tgl tsb tp stlh ksana dealer tutup",2022-12-05T07:49:29-07:00,1.7.7,id
tydbfosn,5,Mantap,Sangat mempermudah konsumen👍,2022-12-04T23:21:46-07:00,1.7.7,id
Houthi,5,Good service,Top untuk mengurangi antrian jika datang secara langsung,2022-12-04T22:06:38-07:00,1.7.7,id
Kotak pos,5,Kode reff : MUHIA829,Aplikasi mantap mudah dalam booking service dan cari lokasi sparepart asli,2022-12-04T21:08:32-07:00,1.7.7,id
M. Qibran Al-Fansury,5,KEREN,"Yuk buat kalian yang belum download App Motorku X buruan download sekarang ya, etss jangan lupa pakai kode referall aku : RIZIC746 ygy ! Karena app Motorku X ini sangat praktis, ramah dan tentunya bermanfaat untuk monitoring servis dll motor mu.",2022-12-04T06:37:46-07:00,1.7.7,id
Line reader,5,KODE REFERRAL :   PUWS0ALY,"Sangat membantu dalm booking service, call urgent Honda care, namun bisa dioptimalkan kembali untuk hari libur dealernya di ketahui saat booking, kadang booking di tgl tsb tp stlh ksana dealer tutup(BTw IG sudah di follow ya)😁

Jangan lupa update Astrapaynya & dapatkan kemudahan dalam pembayaran service & dapatkan discount nya😍",2022-12-03T07:30:56-07:00,1.7.7,id
agus378,5,Oke,Mantappp,2022-12-02T19:05:34-07:00,1.7.7,id
Fadli Azhimi,1,Tidak bisa booking,Saya mau booking service tapi tidak bisa katanya saya sudah punya jadwal padahal saya belum booking,2022-11-26T20:37:17-07:00,1.7.7,id
Dortixzdyu,5,Terbaik,"Tempat nunggu bnyak minum dan cemilan , kendaraan jadi terasa enak",2022-11-23T22:46:17-07:00,1.7.7,id
D-545,5,👍🏾👍🏾,Mantap,2022-11-23T02:18:31-07:00,1.7.7,id
annisasni,5,bagus,sangat terbantu dengan adanya aplikasi ini,2022-11-20T04:25:04-07:00,1.7.7,id
yoed_i,5,Keren,App nya keren,2022-11-18T21:28:21-07:00,1.7.7,id
Farosian,5,Mantap,Sangat puas pake aplikasi ini,2022-11-16T21:23:17-07:00,1.7.7,id
theonlyfira,5,Bagus,Sangat memudahkan pemilik kendaraan,2022-11-16T18:02:40-07:00,1.7.7,id
El Indrianto,5,Kode referal LIL3Q210,"Aplikasi ini ngebantu bangettt. Mau servis jadi mudah dan lebih efisien. Voucher juga melimpah sii. Fitur juga lengkap. Ada booking service, kuis, artikel2 terbaru, tukar tambah motor, dan masih lengkap lagi. Thanks honda utk kenyamanan penggunanya. Semakin ditingkatkan lagii dah",2022-11-14T03:24:11-07:00,1.7.7,id
kelvinmatheoz,5,Top rating,"Dengan aplikasi ini kita diberi kemudahan, sanagt bagus, terima kasih",2022-11-13T05:35:19-07:00,1.7.7,id
whsnu,5,MOTORKU X,"Salah satu aplikasi dari Honda yang membantu dengan memberi kemudahan bagi customer untuk melakukan booking service hanya melalui smartphone, dengan fitur aplikasi yang cukup mudah dan simple. Jadi ga perlu ribet lagi harus nunggu di tempat service, tinggal booking dan datang sesuai waktu yg dipilih.
Cukup mudah bukan!

LALG4376",2022-11-13T03:45:00-07:00,1.7.7,id
aswin182,5,Fast n reliable,Lebih gampang ga repot antri,2022-11-10T03:56:58-07:00,1.7.7,id
luh vera,5,Motorkux,Lebih efisien waktu saat ingin service motor.,2022-11-09T03:21:27-07:00,1.7.7,id
wagimin789,5,Booking service,Bisa buat booking service biar ga antre,2022-11-08T03:23:17-07:00,1.7.6,id
fadhe.132678,5,Kemudahan menggunakan aplikasi motorx,Sangat memudahkan di tengah aktifitas sehari-hari yang padat,2022-11-07T04:29:27-07:00,1.7.6,id
superxbejo,5,Mantab,KGS7A012,2022-11-05T01:46:18-07:00,1.7.6,id
xi ati ati ya,4,review aplikasi,"not bad lah untuk ngehindarin antri yang panjang
tapi harus pesan h-1",2022-11-05T00:13:49-07:00,1.7.6,id
Habib Nurrahman,1,Loading terus,Pagi ini 28 oktober 2022 apliksi tidak bisa dipake. Tolong segera diperbaiki.,2022-10-27T18:17:41-07:00,1.7.6,id
DexYudie,5,Kode refferal : KADDM123,Download dan masukkan kode refferal : KADDM123 dan dapatkan rewards nya…,2022-10-26T05:27:06-07:00,1.7.6,id
hacuci,1,Kecewa,Harga motor di app 22.880.000 tapi saat sampai di dealer langsung berubah jadi 23.320.000. Tolong untuk harga di aplikasi disesuaikan dengan harga didealer ya. Karna harga selisihnya lumayan 500rb,2022-10-16T08:20:50-07:00,1.7.6,id
eskadobeabe,4,review,mantap,2022-10-11T23:18:34-07:00,1.7.6,id
oxoraaa,4,Kode referral : WILKG786,Smoga semakin bagus dan mantap,2022-10-07T18:17:26-07:00,1.7.6,id
RONY2J,5,KODE REFFERAL ERWON333,Saling bantu cuy,2022-10-07T16:09:06-07:00,1.7.6,id
Cingaet,5,no antri club club,"puas banget bisa booking dari h-sekian, ngga perlu antri, dpt voucher lumayan buat ngopi

maju terus ahass ➰✌🏻",2022-10-06T08:30:17-07:00,1.7.6,id
elingesha,5,Memudahkan service motor,"Mempermudah servis motor dimana aja dan kapan aja banyak keuntungan dan suka sama aplikasi ini 
Thankyou",2022-10-05T10:48:03-07:00,1.7.6,id
dhim-zal,5,.,Booking servis tdk ribet dan banyak promonya,2022-10-03T01:38:55-07:00,1.7.6,id
iKoming,5,Kode referal : IKO4E221,Aplikasi ini sangat bermanfaat dan mudah untuk digunakan.. mantap👍,2022-10-02T18:32:01-07:00,1.7.6,id
ghibran13,5,Mantap,Keren pokoknya,2022-09-29T08:27:15-07:00,1.7.6,id
ulfa andriany,5,Servis,Pelayanan mantap,2022-09-28T01:14:47-07:00,1.7.6,id
Endrik gunawan,5,Keren,Aplikasi ringan dan mudah digunakan,2022-09-26T17:57:55-07:00,1.7.6,id
razif gaban,5,"Simple, easy, clean, profesional","Pelanggan setia book service, Razif",2022-09-26T08:52:35-07:00,1.7.6,id
Leon Gusrizan,5,Ter baik,"Aplikasi ini sangat membantu, semoga terus berkembang, dan terus maju untuk astra honda… bener bener satu hati dari semua sisi, baik pelayanan, produk maupun semuanya udah sangat cocok bersaing di era disrupsi",2022-09-25T07:14:35-07:00,1.7.6,id
avred20,1,Gak bisa beli cash,"Gak bisa beli cash 🥲, suruh kredit",2022-09-25T01:27:20-07:00,1.7.6,id
ayi45,4,Mantap,Pelayanan memuaskan biarpun sedikit mahal,2022-09-24T06:50:03-07:00,1.7.6,id
Burhan_zantman,3,Booking service,Mengapa ga bisa booking service by aplikasi? Sebelum2 ga ada masalah .. apakh ada maintenance ?,2022-09-23T19:15:24-07:00,1.7.6,id
ariasa12,5,Astra Honda,"Trimakasih Astra Honda sudah membuat saya pribadi merasa sangat efisien setelah adanya aplikasi motorkux, segalanya terasa mudah terutama untuk booking service 🙏🏻.",2022-09-23T03:44:09-07:00,1.7.6,id
punyadiki,5,Good,Aplikasi yg sangat memudahkan saya untuk booking service.,2022-09-22T22:46:56-07:00,1.7.6,id
faizadi,1,Indent terus bos,Kagak niat jualan?,2022-09-22T22:27:34-07:00,1.7.6,id
rawzr12,5,Aplikasi serbaguna,"Keren si ini aplikasi mempermudah orang buat service, dan cari barang barang ori yang ada di honda keren bgt gilaa goksss",2022-09-22T00:27:56-07:00,1.7.6,id
feddy fathona,5,Motor honda,Good thank you,2022-09-20T22:29:08-07:00,1.7.6,id
Fachriaputri,5,Good,"Pelayanannya baik 👍🏻👍🏻👍🏻, semoga aplikasinya bisa berkembang dan berjalan dengan baik dan memudahkan seluruh cust 🙏🏻🙏🏻🙏🏻",2022-09-16T03:04:17-07:00,1.7.5,id
Bagas Arisuta,5,Good,Sangat membantu pemesanan service dan pembelian sparepart👍,2022-09-13T18:52:07-07:00,1.7.5,id
ahdillah,5,HONDA JAGOAN,Good lah pokoknya,2022-09-13T11:19:30-07:00,1.7.5,id
ab3884fr,5,Respon cepat,"Untuk admin respon cepat, aplikasi lengkap ttg motor dan bisa bookinh service",2022-09-13T10:23:45-07:00,1.7.5,id
Bagus Fajar Purnama,5,Recommended,Nice application,2022-09-13T04:59:27-07:00,1.7.5,id
krysljng,5,Hiii,Semoga dpt voucher 500ribu,2022-09-12T10:33:01-07:00,1.7.5,id
intanseptika,5,"Sangat membantu untuk bookingan service tracking motor dan lain""",Aplikasi terbaik,2022-09-12T08:56:57-07:00,1.7.5,id
itnayaj,5,Mantap,Berguna bgt,2022-09-12T05:52:14-07:00,1.7.5,id
marwan adul,5,kode referral : SUMPW548,"ayo buruan pakai apps Motorku X
ga maukan motor kesayangan kalian rusak kan !!
makanya pake apps ini
dalemnya fiturnya banyak banget
juga banyak bonus 
pokokknya urusan merawat motor jadi lebih mudah
makasih motorku x",2022-09-12T00:01:48-07:00,1.7.5,id
arinanada,4,Service motor honda,"Lumayan membantu untuk booking service motor, sehingga tdk menunggu terlalu lama",2022-09-10T18:20:47-07:00,1.7.5,id
diriku ini,5,Bagus banget,"Sangat memuaskan, ada promonya jg",2022-09-10T13:37:28-07:00,1.7.5,id
yjrobert,5,Customer experience,"GUI nya yang cukup ramah buat pemula, welldone motorkuX

Referal code : YOHDE822",2022-09-10T08:35:52-07:00,1.7.5,id
ardiansyahhhh,1,kecewa,"ga ada solusi di permasalahan motor saya udah di service, ganti aki, ganti spul masih aja motor saya mati cari bengkel biasa aja lah",2022-09-10T00:24:01-07:00,1.7.5,id
hi wulan,5,Aplikasi motorku x,"Ini aplikasi yg sangat membantu untuk melakukan booking servis kapan pun di banyak ahass resmi. Bisa untuk mengecek sparepart dll juga 
Pakai kode reveral RSYM0PZO yaa.",2022-09-09T19:38:20-07:00,1.7.5,id
mwh5969,5,MotorkuX mantap,Good services,2022-09-09T18:58:38-07:00,1.7.5,id
JOLANRIK,5,nice mantap sangat membantu,terimakasih ahass,2022-09-09T01:41:20-07:00,1.7.5,id
fmeilviansyah,5,Mantab,Banyakin lagi promo servicenya,2022-09-09T01:03:43-07:00,1.7.5,id
Abu Zahra Syauqia,1,Apps Tidak Berguna,Sudah Book & Datang (Honda Daya Motor Balikpapan) sesuai jadwal Service yang ditentukan. Tapi diperlakukan sama seperti Pelanggan yang Service Go-Show. Lantas apa guna Apps ini?,2022-08-25T22:11:03-07:00,1.7.5,id
Hamzyonk18,5,Code referall STEKH611,STEKH611,2022-06-25T22:52:49-07:00,1.7.4,id
justkidfromsouthjakarta,3,Msh nge bug boss,"Msh sering crash ni aplikasi nya, buat pembaruan lg lah",2022-06-19T19:39:21-07:00,1.7.3,id
Adhit 8987,1,Online booking sampai bengkel tutup!!,Jadwal di app harus disesuaikan lagi dengan jadwal dibengkel. Pertama kali pakai app sengaja book pagi jam 8 tapi sampai bengkel tutup.,2022-06-17T17:39:44-07:00,1.7.3,id
Ditditson,1,Useless App,"Aplikasinya nggak berguna buat saya. Cari bengkel AHASS susah, lokasi di Jakarta Selatan, pilihannya yang keluar Bandung, Jogja, Bali… Akhirnya servis manual, datang dan antri. App-nya pun saya delete.",2022-05-23T05:18:07-07:00,1.7.2,id
egasustiawan,5,Kode referal,Gunakan kode referal GIG2X771 untuk gas bersama honda,2022-05-16T19:22:33-07:00,1.7.2,id
Auhgrstfxfsajvgr,1,Harga berbeda,"Harga motor di aplikasi ini berbeda dengan harga yang diberikan dealer. Saya pesan scoopy prestige seharga 22,3 tapi pada saat sampai di dealer harga naik 22,97",2022-05-12T23:17:36-07:00,1.7.2,id
khi nje ng,2,dftr,kenapa daftar baru gagal terus ya.. terjadi kesalahan terus.. trs salah saya apa.. orang baru daftar koq,2022-05-10T18:50:41-07:00,1.7.2,id
aliridho0,4,Penggunaan belum optimal,"Saya pake aplikasi ini utk booking servis, dan juga order sparepart, kalau dijalankan sistemnya bagus banget, sayangnya penggunaan di astra sendiri belum optimal, sudah booking via aplikasi ttp antri dan proses sesuai manual, service advisor juga tidak menanyakan atau menyinggung tentang aplikasi, mestinya kan ketika kita dateng, yg pertama ditanyain apakah udah booking/menggunakan aplikasi ini?gitu kan biar aplikasinya banyak penggunanya, apakah kurang sosialisasi?

Order sparepart kosong, kalau mau inden harus dateng langsung ke astra/ahass utk bayar DP minimal 50%, makin gak guna lg aplikasinya, kalau harus datang, ya gak perlu aplikasi dong?tolong lah, aplikasi dibuat mahal2, tp kok gini, beli sparepart harus dateng, ya kalo gitu mending ke marketplace",2022-05-10T00:14:16-07:00,1.7.2,id
Rejamarup,5,Kode Referal,Install apk ini sangat bermanfaat. Mari mengisi kode referal agar sama-sama mendapatkan poin. Silahkan memakai kode referal REZDZ273 agar saling menguntungkan 🤝,2022-04-27T14:38:42-07:00,1.7.2,id
kqlwlpwpqkqhwvcehs,1,Sparepart. Kode Referal. RIZCJ366,"untuk gambar sparepart nya tidak ada, penjelasan tentang sparepart nya pun tidak ada, dan sparepart nya sering kosong dan tidak pernah ada. mohon perbaruan nya.",2022-04-21T15:39:25-07:00,1.7.2,id
tetra laksana,1,Sulit digunakan,"App nya bagus, sayang untuk pemilik motor honda seperti saya sulit untuk membeli spareparts, karena yang digunakan adalah kode spareparts dan nama part OEM, tidak disertai gambar atau nama parts yang umum digunakan untuk membeli spare parts termasuk di bengkel resmi, pemilik motor jarang sekali yang hafal kode spareparts",2022-04-20T03:32:13-07:00,1.7.2,id
afterdark07,5,Cbr 250 rr,Pelayanan honda sangat ramah dan nyaman,2022-04-08T07:41:21-07:00,1.7.2,id
tongauakhdidishabwww,1,App gagal,"Mau servis di app masih geratis, sampai di bengkel ktanya udah hangus.
Merugikan konsumen,, padahal di app kan jd panduan",2022-03-08T17:40:17-07:00,1.7.1,id
M asef,1,Update aplikasi,Sekarang setelah update aplikasi terakhir ini jadi ngga bisa tracking indent motor lagi. Tolong segera diperbaiki 🙏🏻,2022-01-26T09:07:05-07:00,1.7.0,id
nnnurul02,5,KODE REFFERAL : DLR562,"Aplikasi yang sangat membantu saat ingin service, tanpa ribet bisa pesan service sambil santai santai dirumah.
Kode refferal diatas👆",2022-01-09T21:17:55-07:00,1.6.0,id
Azril Azhar Fachdrian,5,terbaik,"ini aplikasii bagus banget asli mempermudah kita ngebooking jadwal servis, jadi semangatt servis banget dan tepat waktu",2022-01-02T23:55:04-07:00,1.6.0,id
no name pokoke,5,Ratingku,Aku suka sih pake apk ini. Sangat membantu,2021-12-30T15:14:00-07:00,1.6.0,id
bayusyahde,5,Honda terbaik,Hemat jadi irit 🥳🥳🥳,2021-12-28T13:53:54-07:00,1.6.0,id
Shinta Jayanti,5,Terbaik,Sales dan Service yang tidak mengecewakan. Setiap ada kendala terproses dengan baik. Dan fast respon,2021-12-26T18:44:48-07:00,1.6.0,id
yan bay,5,Kode Refeal: DARUG408,"Bagus aplikasi nya 
Pakai kode refeal diatas",2021-12-26T03:39:43-07:00,1.6.0,id
usman suharjono,5,👍,Mantap👍👍👍,2021-12-25T20:00:55-07:00,1.6.0,id
Steve Budianto,1,Status Motor masih transfer????,Bagaimana ini mau digunakan daftar service status motor masih menunggu permintaan. Kata orang Honda harus di approve oleh pemilik motor pertama. Nah wong saya yang punya di BPKB dan stnk atas nama saya juga. Gimana nih??? Ga bisa di gunakan jadinya.,2021-12-15T23:54:43-07:00,1.6.0,id
yfelix8,5,Appsnya makin keren,"Fungsi makin banyak, promo banyak, andalan",2021-12-11T05:29:11-07:00,1.6.0,id
AndreAnggarawan,5,Kode Referral 5MYZPNBW,Aplikasi Motorku X sangat membantu mulai dari booking service dan banyak juga promo 👍,2021-12-09T17:44:48-07:00,1.6.0,id
komangmayun,5,Pengalaman ku dengan Honda,"Dari baru lahir merek motor paling andalan adalah HONDA , irit nya luar biasa , 
Motor pertamaku grand berlanjut ke supra dan scoppy 
seiring dengan waktu dan zaman HONDA Mampu mengikuti zaman dan trend dan tidak kalah dengan merek yang lain
Semoga lewat aplikasi Motorku X ini Honda memberi trobosan yg lebih maju lagi",2021-12-08T03:12:05-07:00,1.6.0,id
Nova Tri Saputri,5,MOTORKU X PASTI PUAS,"siapa yang ngira motorku X cuma bisa buat booking service doang ? yok coba di buka buka lagi fiturnya, selain untuk booking service MOTORKU X juga bisa liat lokasi AHASS terdekat loh, atau yang bosan dirumah bisa juga ni liat KATALOG buat Liat MOTOR, SPAREPART, APARREL ATAU OLI, trus Guys kalian bisa main GAMEnya juga loh seru banget kocak lagi gamenya dan kalian bisa Juga ni baca BERITA terkini soal OTOMOTIF ataupun OLAHRAGA. yukkk serrrr download MOTORKU X dan jangan lupa pakai KODE VOUCHER NYQBX2CD kumpulin poinnya dapatkan VOUCHERNYA ❤️",2021-12-06T20:10:51-07:00,1.6.0,id
Muhammad Rayhan Figo,5,service bulanan,sangat memuaskan untuk booking service motor saya,2021-12-05T03:19:16-07:00,1.6.0,id
andhisakti,5,Great,Helpful!!,2021-12-03T23:23:23-07:00,1.6.0,id
Haryo D,5,Cepat dan Akurat,"Aplikasi ini sangat membantu terutama dlm urusan booking servis"". Data kendaraan bisa diketagui dari sini",2021-12-03T17:43:17-07:00,1.6.0,id
ryanyuwannn,4,Apps,Good app,2021-12-01T02:05:20-07:00,1.6.0,id
andri andaea,5,Aplikasi yg sangat bagus,Mantap. Lbh cpt booking dan gampang banyak bonus. Sudah saya rekomendasikan ke teman dan keluarga saya. - Andri andara.,2021-11-30T17:01:36-07:00,1.6.0,id
anis rokhima,5,Bagus membantu bgt,Jadi lebih mudah klo mau service motor,2021-11-30T02:16:14-07:00,1.6.0,id
dikazamharir,5,kode referal : MAHLX659,luar biasa ini aplikasi sangat membantu dan juga menarik,2021-11-29T06:47:45-07:00,1.6.0,id
aaziz_f,5,Nice,"helpful crew
clean waiting room & nice services",2021-11-28T23:26:57-07:00,1.6.0,id
davidkudou,5,Goods Project,Pelayanan Fast Respon,2021-11-28T18:45:38-07:00,1.6.0,id
chamaci,5,bagus,bagus,2021-11-28T18:24:40-07:00,1.6.0,id
Tuk Dah,5,Kode referral : VX60D0U0,"Setelah saya pake aplikasi Motorku x, saya jadi selalu ingat kapan harus service/ ganti oli motor kesayangan saya. Bisa booking service drmana dan kapan saja. Aplikasi yg sangat membantu. Juga bisa mendapat diskon pembelian part dan Aksesoris. Mantap! Kalo kalian belum pasang, bu ruang install aplikasi ini demgan memasukkan kode referral di atas . Pasti puas",2021-11-28T15:36:29-07:00,1.6.0,id
fizaintan,5,FIZ4Q778,yuk download pake kode referalku FIZ4Q778 pasti banyak poin nya dan lebih mantap,2021-11-27T11:10:16-07:00,1.6.0,id
Dany LH,5,Booking mudah lewat Motorku X !!,"Sekarang booking service motor Honda lebih mudah melalui aplikasi Motorku X, tinggal klik hari dan jam yang diinginkan kemudian tinggal datang aja ke Ahass yang dipilih melalui aplikasi. Saya punya motor Honda sebanyak 2 dan semua motor Hondaku bisa didaftarin melalui aplikasi ini, jadi mudah memantau tanggal servis berikutnya. Di aplikasi ini kita juga bisa Cancel booking servis lhoo… Dan tentunya lewat aplikasi ini banyak promonya lho !!! Yuk buruan download aplikasi Motorku X !! 
Kode Referal saya : DANMC601",2021-11-26T18:09:19-07:00,1.6.0,id
n4510nsa,5,Cukup inovatif,Aplikasinya mudah dan informatif,2021-11-26T17:27:26-07:00,1.6.0,id
Nara_131,5,Good Application,add my referal code CFXLUYTG,2021-11-26T03:24:43-07:00,1.6.0,id
JumpaLagi,5,Semoga aplikasi nya terus dikembangkan,"sangat membantu para pemilik motor honda 
ayo terus di develop aplikasi nya 
Kode Referral ABDTV416",2021-11-26T01:59:42-07:00,1.6.0,id
cocong26,5,Mudah,Mantaappp,2021-11-25T11:15:15-07:00,1.6.0,id
izze77777,5,Nice apps,"Aplikasi yg sangat berguna, easy to use",2021-11-25T05:38:46-07:00,1.6.0,id
aliamarsidique,1,Gak bisa order sparepart,Tiap kali buka catatan/keranjang sparepart yg sudah ditambahkan selalu catatan kosong. Padahal udah berkali2 masukan part ke catatan 😌,2021-11-17T00:59:21-07:00,1.6.0,id
Mas Bramantyo,5,SIGLS525,Yang baru mau daftar bisa masukin kode referral “ SIGLS525” untuk dapetin banya bonusnya. Selamat mencoba 😁😇,2021-11-05T23:54:06-07:00,1.6.0,id
Raditya Rizky,5,KODE REFFERAL : RADQT152,"Hai sahabat Honda!

Bagi pengguna baru apps Motorku X dapat bergabung dan mencantumkan kode refferal diatas ya! Salam SATU HATI",2021-11-04T18:47:44-07:00,1.6.0,id
mgarina,5,Kode Referal: MEGGY262,"Hallo Gais, honda club 
Bisa pakai kode referal diatas ya untuk aktifasi akun baru, smoga bermanfaat... terimakasih",2021-10-06T22:09:26-07:00,1.5.0,id
Maroneza,1,Sistem kacau,"Udsh daftar isi data dan lain lain, pas booking malah gagal alasannya data unit tidak ditemukan, kirim email ke CS sampe lewat WA gak ada balesan. Kalo memang belum siap sama digitalisasi gausah aneh aneh lah, bener bener ga beres bagian Customer Servicenya.",2021-10-02T18:49:08-07:00,1.5.0,id
munahinata,5,Mantap,Pelayanan sangat baik dan meniknya sangat ramah,2021-09-20T23:12:41-07:00,1.5.0,id
tuhfdresafggdtuh,1,Error force close terus,"Aplikasi g bisa d buka, setiap login ad tulisan sesion anda sdh berakhir mohon login lagi, gitu terus berulang2… kemarin pas mau masukin kode oto mlah aplikasinya kluar sndiri dan mau dftr ulang udah ad tulisannya nomor tlh terdaftar ! Mohon aplikasinya di perbaiki lagi",2021-08-14T01:59:21-07:00,1.5.0,id
andi kaa,5,Mantap,Harga bersahabat,2021-07-20T23:59:52-07:00,1.5.0,id
sape aje dah,3,Tidak ada gambar,Tidak ada pratinjua gambar di menu sparepart. Jadi bingung kalau memesan tanpa ada gambarnya. Mohon di perbaiki 🙏,2021-06-12T21:35:20-07:00,1.3.7,id
HBagooz,2,BIKIN BINGUNG,"Tidak ada gambar barang di item sparepartnya, hanya nama yanya saja. Memangnya semua orang tau nama2 item itu bentuknya seperti apa? Terkadang sebutannya aja beda. Tolong kasih gambar dong di item sparepartnya",2021-06-10T10:07:58-07:00,1.3.7,id
muchammadrs4,5,Kode Refferal : QQPNKDQN,Baru install App nya udah dapet diskon biaya service dan dapat voucher potongan buat biaya sparepartnya. Semoga kedepannya ada promo menarik lainnya. Thanks 🙏🏽,2021-04-17T19:40:46-07:00,1.3.7,id
arumshanty,5,Anakjamannow,"Mantep deh kalo servis gausah khawatir nunggu antrian lama.. 
cus pada download ya nanti registrasi bisa pakai kode referal RKEX5OD6 yah🥰",2021-04-14T21:05:08-07:00,1.3.7,id
Roden Woban,5,APLIKASI BERMANFAAT,"Sebagai pengguna motor honda, saya sangat terbantu dengan adanya aplikasi ini. Motorku X sangat membantu saya untuk memudahkan service rutin motor saya. Walaupun saya sedang keadaan sibuk, saya bisa booking untuk service supaya nggak antri lagi dan juga melalui Motorku X kita bisa dapetin voucher dan berbagai promo menarik lainnya. Yuk buat kalian pengguna motor Honda wajib banget pake aplikasi ini. Buruan install sekarang - jangan lupa masukan kode referral ku ya TLDMVH62

Motorku X MUDAH, PRAKTIS, dan SERU",2021-04-13T22:41:32-07:00,1.3.7,id
GZS14HC4,5,GZS14HC4,"Aplikasi yang keren banget ,apa lagi fitur boking servisnya yang tanpa antri mantap pokokna mah ,yang baru download jangan lupa ya pakai kode referal nya GZS14HC4",2021-04-13T15:44:03-07:00,1.3.7,id
Putrajaya1324,5,Pengalaman Service menggunakan applikasi motorku x,"Kode referal : 6GITIDMF
 Ayoo kawan service motor honda kalian sekarang !!! 
Tidak perlu antri lama dengan pakai applikasi motorku X  bisa dapatkan voucher service dan kemudahan lainnya. Motor kalian baik dan layak digunakan lebih lama. 
Ayo buruan download applikasi motorku X di appstore atau google plays store kalian. Rasakan sensasi service yang baik dan pelayanan  yang prima dari ASTRA MOTOR.",2021-04-09T18:23:04-07:00,1.3.7,id
AD4M T4N7UN6,5,Bengkel Rekomendasi banget buat motor Honda,"Pelayanan cepat, montir handal, ruang tunggu nyaman",2021-03-30T19:53:12-07:00,1.3.7,id
sunitacitra,1,Lokasi servis tidak sesuai gps,"Tidak bisa memilih lokasi servis, alamat di surabaya tapi yang muncul tempat servis di jawa tengah. Tolong diperbaiki lagi aplikasi nya terutama untuk gps, mengecewakan sekali.",2021-03-29T20:50:13-07:00,1.3.7,id
Roadchief,1,Daftar aja gak bisa,"Baru download. Mau daftar keluar tulisan ada yg salah terus. Tapi gak dikasi tau jg apa yg salah. Isinya jg cuma nama, nomer hp, email (opsional), password ama centang. Udh diisi semua tetep aja error. Malesin.",2021-02-14T21:57:21-07:00,1.3.7,id
UGOOPT9C,5,UGOOPT9C,Dengan adanyaa aplikasi motorku X semua menjadi lebih gampanggg❣️bisa booking dulu mempermudahhh dan nggak perlu ngantriii👍🏻,2021-01-31T04:10:59-07:00,1.3.7,id
Santri nekad,5,Sangat memuaskan,"Jadi enak bisa booking servis motor kapan aja, dan selalu ada promo. Semoga kualitas aplikasi bisa lebih ditingkatkan.",2021-01-31T04:01:29-07:00,1.3.7,id
ramaadit,5,Helpfull App,"Aplikasi cukup membantu bagi saya kaum yg sangat asing dengan spesifikasi motor. 
Kode referel saya STZUS5CW",2021-01-26T00:44:46-07:00,1.3.7,id
Hasbi halid,5,Joss👍,Aplikasinya membantu banget. Semoga kedepannya tambah lebih lagi,2021-01-04T18:52:42-07:00,1.3.7,id
mobikick08,5,Y4ZUBI6D,"Gunakan kode diatas untuk tambahan diskon servis motor hondamu! 
Simple, cepat, dan bsa booking servis!",2021-01-02T21:14:59-07:00,1.3.7,id
oom tik,4,Lupa password,"Saya lupa password dan belum konfirmasi email, tapi saat saya pilih lupa password dan memasukan no hp tidak ada sms balasan untuk kode ferivikasi tolong d bantu",2020-12-30T03:26:17-07:00,1.3.7,id
semangat baru,5,REFERAL : VHYYE0DH,Semoga berkah,2020-12-21T06:30:56-07:00,1.3.7,id
evan23154,4,Baik,"Menarik aplikasinya, jadikan donpet digital untuk pembayaran di deler",2020-12-10T18:24:10-07:00,1.3.6,id
Loserboysssss,5,One heart,"Anti antri antri club
Kode referal : ODHN1B5Y",2020-12-10T03:23:51-07:00,1.3.6,id
koko ramadhani,5,Mantap,Pakai aplikasi motorx mempermuda buat service bisa booked VUT1SKLL,2020-12-09T04:57:47-07:00,1.3.6,id
gusdek13,4,Good lah,Bisa booking tanpa ribet,2020-12-05T18:45:51-07:00,1.3.6,id
